tick	simSeconds	speedMps	physicalEdge	physicalM	beforeAtcEdge	beforeAtcM	afterAtcEdge	afterAtcM	direction	positionKnown	healthy	enabled	telegramPresent	telegramValid	issuedAt	telegramKeys	keyFound	path	normalSamples	hasValidPattern	normalAllowKmh	emergencyRequired	emergencyHold	hasBrakeSettings	hasSpeed	hasMass	routes	rearPhysicalEdge	rearPhysicalM	beforeRearEdge	beforeRearM	afterRearEdge	afterRearM	rearTelegramKeys	masterPatternValid	masterSpeedPresent	masterSpeedKmh
1100	16.4999996311963	0	nt-approach	408	edge:nt-approach:0:1000	408	edge:nt-approach:0:1000	408	AtoB	True	True	True	True	True	43216.4849996315	edge:nt-approach:0:1000:AtoB	True	edge:nt-approach:0:1000,edge:nt-approach:1000:1020,edge:nt-main:0:100,edge:nt-main:100:380	281	True	120	False	False	True	True	True	21T-1RT:missing;21T-2RT:proceed=True,path=True,locked=True,cancel=False;1RT-22T:missing;2RT-22T:missing	nt-approach	228	edge:nt-approach:0:1000	228	edge:nt-approach:0:1000	228	edge:nt-approach:0:1000:AtoB	True	True	120
1200	17.9999995976686	0	nt-approach	408	edge:nt-approach:0:1000	408	edge:nt-approach:0:1000	408	AtoB	True	True	True	True	True	43217.984999598	edge:nt-approach:0:1000:AtoB	True	edge:nt-approach:0:1000,edge:nt-approach:1000:1020,edge:nt-main:0:100,edge:nt-main:100:380	281	True	120	False	False	True	True	True	21T-1RT:missing;21T-2RT:proceed=True,path=True,locked=True,cancel=False;1RT-22T:missing;2RT-22T:missing	nt-approach	228	edge:nt-approach:0:1000	228	edge:nt-approach:0:1000	228	edge:nt-approach:0:1000:AtoB	True	True	120
1300	19.499999564141	0	nt-approach	408	edge:nt-approach:0:1000	408	edge:nt-approach:0:1000	408	AtoB	True	True	True	True	True	43219.4849995645	edge:nt-approach:0:1000:AtoB	True	edge:nt-approach:0:1000,edge:nt-approach:1000:1020,edge:nt-main:0:100,edge:nt-main:100:380	281	True	120	False	False	True	True	True	21T-1RT:missing;21T-2RT:proceed=True,path=True,locked=True,cancel=False;1RT-22T:missing;2RT-22T:missing	nt-approach	228	edge:nt-approach:0:1000	228	edge:nt-approach:0:1000	228	edge:nt-approach:0:1000:AtoB	True	True	120
1400	20.9999995306134	0.4343837	nt-approach	408.266	edge:nt-approach:0:1000	408.2625	edge:nt-approach:0:1000	408.269	AtoB	True	True	True	True	True	43220.9849995309	edge:nt-approach:0:1000:AtoB	True	edge:nt-approach:0:1000,edge:nt-approach:1000:1020,edge:nt-main:0:100,edge:nt-main:100:380	281	True	120	False	False	True	True	True	21T-1RT:missing;21T-2RT:proceed=True,path=True,locked=True,cancel=False;1RT-22T:missing;2RT-22T:missing	nt-approach	228.266	edge:nt-approach:0:1000	228.2626	edge:nt-approach:0:1000	228.2691	edge:nt-approach:0:1000:AtoB	True	True	120
1500	22.4999994970858	0.9497664	nt-approach	409.3042	edge:nt-approach:0:1000	409.2971	edge:nt-approach:0:1000	409.3113	AtoB	True	True	True	True	True	43222.4849994974	edge:nt-approach:0:1000:AtoB	True	edge:nt-approach:0:1000,edge:nt-approach:1000:1020,edge:nt-main:0:100,edge:nt-main:100:380	281	True	120	False	False	True	True	True	21T-1RT:missing;21T-2RT:proceed=True,path=True,locked=True,cancel=False;1RT-22T:missing;2RT-22T:missing	nt-approach	229.3042	edge:nt-approach:0:1000	229.297	edge:nt-approach:0:1000	229.3112	edge:nt-approach:0:1000:AtoB	True	True	120
1600	23.9999994635582	1.442793	nt-approach	411.1028	edge:nt-approach:0:1000	411.092	edge:nt-approach:0:1000	411.1136	AtoB	True	True	True	True	True	43223.9849994639	edge:nt-approach:0:1000:AtoB	True	edge:nt-approach:0:1000,edge:nt-approach:1000:1020,edge:nt-main:0:100,edge:nt-main:100:380	281	True	120	False	False	True	True	True	21T-1RT:missing;21T-2RT:proceed=True,path=True,locked=True,cancel=False;1RT-22T:missing;2RT-22T:missing	nt-approach	231.1028	edge:nt-approach:0:1000	231.0919	edge:nt-approach:0:1000	231.1136	edge:nt-approach:0:1000:AtoB	True	True	120
1700	25.4999994300306	1.902275	nt-approach	413.6158	edge:nt-approach:0:1000	413.6015	edge:nt-approach:0:1000	413.6301	AtoB	True	True	True	True	True	43225.4849994304	edge:nt-approach:0:1000:AtoB	True	edge:nt-approach:0:1000,edge:nt-approach:1000:1020,edge:nt-main:0:100,edge:nt-main:100:380	281	True	120	False	False	True	True	True	21T-1RT:missing;21T-2RT:proceed=True,path=True,locked=True,cancel=False;1RT-22T:missing;2RT-22T:missing	nt-approach	233.6158	edge:nt-approach:0:1000	233.6015	edge:nt-approach:0:1000	233.6301	edge:nt-approach:0:1000:AtoB	True	True	120
1800	26.999999396503	2.327677	nt-approach	416.792	edge:nt-approach:0:1000	416.7746	edge:nt-approach:0:1000	416.8095	AtoB	True	True	True	True	True	43226.9849993968	edge:nt-approach:0:1000:AtoB	True	edge:nt-approach:0:1000,edge:nt-approach:1000:1020,edge:nt-main:0:100,edge:nt-main:100:380	281	True	120	False	False	True	True	True	21T-1RT:missing;21T-2RT:proceed=True,path=True,locked=True,cancel=False;1RT-22T:missing;2RT-22T:missing	nt-approach	236.792	edge:nt-approach:0:1000	236.7746	edge:nt-approach:0:1000	236.8095	edge:nt-approach:0:1000:AtoB	True	True	120
1900	28.4999993629754	2.725005	nt-approach	420.5851	edge:nt-approach:0:1000	420.5648	edge:nt-approach:0:1000	420.6056	AtoB	True	True	True	True	True	43228.4849993633	edge:nt-approach:0:1000:AtoB	True	edge:nt-approach:0:1000,edge:nt-approach:1000:1020,edge:nt-main:0:100,edge:nt-main:100:380	281	True	120	False	False	True	True	True	21T-1RT:missing;21T-2RT:proceed=True,path=True,locked=True,cancel=False;1RT-22T:missing;2RT-22T:missing	nt-approach	240.5851	edge:nt-approach:0:1000	240.5649	edge:nt-approach:0:1000	240.6058	edge:nt-approach:0:1000:AtoB	True	True	120
2000	29.9999993294477	3.095542	nt-approach	424.9533	edge:nt-approach:0:1000	424.9302	edge:nt-approach:0:1000	424.9767	AtoB	True	True	True	True	True	43229.9849993298	edge:nt-approach:0:1000:AtoB	True	edge:nt-approach:0:1000,edge:nt-approach:1000:1020,edge:nt-main:0:100,edge:nt-main:100:380	281	True	120	False	False	True	True	True	21T-1RT:missing;21T-2RT:proceed=True,path=True,locked=True,cancel=False;1RT-22T:missing;2RT-22T:missing	nt-approach	244.9533	edge:nt-approach:0:1000	244.9303	edge:nt-approach:0:1000	244.9768	edge:nt-approach:0:1000:AtoB	True	True	120
2100	31.4999992959201	3.440645	nt-approach	429.8576	edge:nt-approach:0:1000	429.8317	edge:nt-approach:0:1000	429.8833	AtoB	True	True	True	True	True	43231.4849992963	edge:nt-approach:0:1000:AtoB	True	edge:nt-approach:0:1000,edge:nt-approach:1000:1020,edge:nt-main:0:100,edge:nt-main:100:380	281	True	120	False	False	True	True	True	21T-1RT:missing;21T-2RT:proceed=True,path=True,locked=True,cancel=False;1RT-22T:missing;2RT-22T:missing	nt-approach	249.8576	edge:nt-approach:0:1000	249.8319	edge:nt-approach:0:1000	249.8835	edge:nt-approach:0:1000:AtoB	True	True	120
2200	32.9999992623925	3.762913	nt-approach	435.2625	edge:nt-approach:0:1000	435.2341	edge:nt-approach:0:1000	435.2906	AtoB	True	True	True	True	True	43232.9849992627	edge:nt-approach:0:1000:AtoB	True	edge:nt-approach:0:1000,edge:nt-approach:1000:1020,edge:nt-main:0:100,edge:nt-main:100:380	281	True	120	False	False	True	True	True	21T-1RT:missing;21T-2RT:proceed=True,path=True,locked=True,cancel=False;1RT-22T:missing;2RT-22T:missing	nt-approach	255.2625	edge:nt-approach:0:1000	255.2343	edge:nt-approach:0:1000	255.2908	edge:nt-approach:0:1000:AtoB	True	True	120
2300	34.4999992288649	4.06411	nt-approach	441.135	edge:nt-approach:0:1000	441.1046	edge:nt-approach:0:1000	441.1656	AtoB	True	True	True	True	True	43234.4849992292	edge:nt-approach:0:1000:AtoB	True	edge:nt-approach:0:1000,edge:nt-approach:1000:1020,edge:nt-main:0:100,edge:nt-main:100:380	281	True	120	False	False	True	True	True	21T-1RT:missing;21T-2RT:proceed=True,path=True,locked=True,cancel=False;1RT-22T:missing;2RT-22T:missing	nt-approach	261.135	edge:nt-approach:0:1000	261.1049	edge:nt-approach:0:1000	261.1658	edge:nt-approach:0:1000:AtoB	True	True	120
2400	35.9999991953373	4.348647	nt-approach	447.4467	edge:nt-approach:0:1000	447.4141	edge:nt-approach:0:1000	447.4793	AtoB	True	True	True	True	True	43235.9849991957	edge:nt-approach:0:1000:AtoB	True	edge:nt-approach:0:1000,edge:nt-approach:1000:1020,edge:nt-main:0:100,edge:nt-main:100:380	281	True	120	False	False	True	True	True	21T-1RT:missing;21T-2RT:proceed=True,path=True,locked=True,cancel=False;1RT-22T:missing;2RT-22T:missing	nt-approach	267.4467	edge:nt-approach:0:1000	267.4144	edge:nt-approach:0:1000	267.4796	edge:nt-approach:0:1000:AtoB	True	True	120
2500	37.4999991618097	4.618807	nt-approach	454.1735	edge:nt-approach:0:1000	454.139	edge:nt-approach:0:1000	454.2083	AtoB	True	True	True	True	True	43237.4849991621	edge:nt-approach:0:1000:AtoB	True	edge:nt-approach:0:1000,edge:nt-approach:1000:1020,edge:nt-main:0:100,edge:nt-main:100:380	281	True	120	False	False	True	True	True	21T-1RT:missing;21T-2RT:proceed=True,path=True,locked=True,cancel=False;1RT-22T:missing;2RT-22T:missing	nt-approach	274.1735	edge:nt-approach:0:1000	274.1392	edge:nt-approach:0:1000	274.2085	edge:nt-approach:0:1000:AtoB	True	True	120
2600	38.9999991282821	4.874578	nt-approach	461.2937	edge:nt-approach:0:1000	461.2572	edge:nt-approach:0:1000	461.3304	AtoB	True	True	True	True	True	43238.9849991286	edge:nt-approach:0:1000:AtoB	True	edge:nt-approach:0:1000,edge:nt-approach:1000:1020,edge:nt-main:0:100,edge:nt-main:100:380	281	True	120	False	False	True	True	True	21T-1RT:missing;21T-2RT:proceed=True,path=True,locked=True,cancel=False;1RT-22T:missing;2RT-22T:missing	nt-approach	281.2937	edge:nt-approach:0:1000	281.2575	edge:nt-approach:0:1000	281.3306	edge:nt-approach:0:1000:AtoB	True	True	120
2700	40.4999990947545	5.119612	nt-approach	468.7907	edge:nt-approach:0:1000	468.7524	edge:nt-approach:0:1000	468.8292	AtoB	True	True	True	True	True	43240.4849990951	edge:nt-approach:0:1000:AtoB	True	edge:nt-approach:0:1000,edge:nt-approach:1000:1020,edge:nt-main:0:100,edge:nt-main:100:380	281	True	120	False	False	True	True	True	21T-1RT:missing;21T-2RT:proceed=True,path=True,locked=True,cancel=False;1RT-22T:missing;2RT-22T:missing	nt-approach	288.7907	edge:nt-approach:0:1000	288.7526	edge:nt-approach:0:1000	288.8294	edge:nt-approach:0:1000:AtoB	True	True	120
2800	41.9999990612268	5.354047	nt-approach	476.6481	edge:nt-approach:0:1000	476.608	edge:nt-approach:0:1000	476.6883	AtoB	True	True	True	True	True	43241.9849990616	edge:nt-approach:0:1000:AtoB	True	edge:nt-approach:0:1000,edge:nt-approach:1000:1020,edge:nt-main:0:100,edge:nt-main:100:380	281	True	120	False	False	True	True	True	21T-1RT:missing;21T-2RT:proceed=True,path=True,locked=True,cancel=False;1RT-22T:missing;2RT-22T:missing	nt-approach	296.6481	edge:nt-approach:0:1000	296.6082	edge:nt-approach:0:1000	296.6886	edge:nt-approach:0:1000:AtoB	True	True	120
2900	43.4999990276992	5.582073	nt-approach	484.8515	edge:nt-approach:0:1000	484.8097	edge:nt-approach:0:1000	484.8934	AtoB	True	True	True	True	True	43243.484999028	edge:nt-approach:0:1000:AtoB	True	edge:nt-approach:0:1000,edge:nt-approach:1000:1020,edge:nt-main:0:100,edge:nt-main:100:380	281	True	120	False	False	True	True	True	21T-1RT:missing;21T-2RT:proceed=True,path=True,locked=True,cancel=False;1RT-22T:missing;2RT-22T:missing	nt-approach	304.8515	edge:nt-approach:0:1000	304.8099	edge:nt-approach:0:1000	304.8937	edge:nt-approach:0:1000:AtoB	True	True	120
3000	44.9999989941716	5.799185	nt-approach	493.3875	edge:nt-approach:0:1000	493.344	edge:nt-approach:0:1000	493.431	AtoB	True	True	True	True	True	43244.9849989945	edge:nt-approach:0:1000:AtoB	True	edge:nt-approach:0:1000,edge:nt-approach:1000:1020,edge:nt-main:0:100,edge:nt-main:100:380	281	True	120	False	False	True	True	True	21T-1RT:missing;21T-2RT:proceed=True,path=True,locked=True,cancel=False;1RT-22T:missing;2RT-22T:missing	nt-approach	313.3875	edge:nt-approach:0:1000	313.3443	edge:nt-approach:0:1000	313.4312	edge:nt-approach:0:1000:AtoB	True	True	120
3100	46.499998960644	6.016336	nt-approach	502.2491	edge:nt-approach:0:1000	502.2041	edge:nt-approach:0:1000	502.2943	AtoB	True	True	True	True	True	43246.484998961	edge:nt-approach:0:1000:AtoB	True	edge:nt-approach:0:1000,edge:nt-approach:1000:1020,edge:nt-main:0:100,edge:nt-main:100:380	281	True	120	False	False	True	True	True	21T-1RT:missing;21T-2RT:proceed=True,path=True,locked=True,cancel=False;1RT-22T:missing;2RT-22T:missing	nt-approach	322.2491	edge:nt-approach:0:1000	322.2043	edge:nt-approach:0:1000	322.2946	edge:nt-approach:0:1000:AtoB	True	True	120
3200	47.9999989271164	6.224813	nt-approach	511.4321	edge:nt-approach:0:1000	511.3858	edge:nt-approach:0:1000	511.4792	AtoB	True	True	True	True	True	43247.9849989275	edge:nt-approach:0:1000:AtoB	True	edge:nt-approach:0:1000,edge:nt-approach:1000:1020,edge:nt-main:0:100,edge:nt-main:100:380	281	True	119.6116	False	False	True	True	True	21T-1RT:missing;21T-2RT:proceed=True,path=True,locked=True,cancel=False;1RT-22T:missing;2RT-22T:missing	nt-approach	331.4321	edge:nt-approach:0:1000	331.386	edge:nt-approach:0:1000	331.4794	edge:nt-approach:0:1000:AtoB	True	True	119.6186
3300	49.4999988935888	6.428804	nt-approach	520.9217	edge:nt-approach:0:1000	520.8738	edge:nt-approach:0:1000	520.9702	AtoB	True	True	True	True	True	43249.4849988939	edge:nt-approach:0:1000:AtoB	True	edge:nt-approach:0:1000,edge:nt-approach:1000:1020,edge:nt-main:0:100,edge:nt-main:100:380	281	True	118.8895	False	False	True	True	True	21T-1RT:missing;21T-2RT:proceed=True,path=True,locked=True,cancel=False;1RT-22T:missing;2RT-22T:missing	nt-approach	340.9217	edge:nt-approach:0:1000	340.8755	edge:nt-approach:0:1000	340.9719	edge:nt-approach:0:1000:AtoB	True	True	118.8969
3400	50.9999988600612	6.632754	nt-approach	530.7178	edge:nt-approach:0:1000	530.6685	edge:nt-approach:0:1000	530.768	AtoB	True	True	True	True	True	43250.9849988604	edge:nt-approach:0:1000:AtoB	True	edge:nt-approach:0:1000,edge:nt-approach:1000:1020,edge:nt-main:0:100,edge:nt-main:100:380	281	True	118.1395	False	False	True	True	True	21T-1RT:missing;21T-2RT:proceed=True,path=True,locked=True,cancel=False;1RT-22T:missing;2RT-22T:missing	nt-approach	350.7178	edge:nt-approach:0:1000	350.6701	edge:nt-approach:0:1000	350.7696	edge:nt-approach:0:1000:AtoB	True	True	118.1472
3500	52.4999988265336	6.836658	nt-approach	540.8192	edge:nt-approach:0:1000	540.7698	edge:nt-approach:0:1000	540.8724	AtoB	True	True	True	True	True	43252.4849988269	edge:nt-approach:0:1000:AtoB	True	edge:nt-approach:0:1000,edge:nt-approach:1000:1020,edge:nt-main:0:100,edge:nt-main:100:380	281	True	117.361	False	False	True	True	True	21T-1RT:missing;21T-2RT:proceed=True,path=True,locked=True,cancel=False;1RT-22T:missing;2RT-22T:missing	nt-approach	360.8192	edge:nt-approach:0:1000	360.7699	edge:nt-approach:0:1000	360.8724	edge:nt-approach:0:1000:AtoB	True	True	117.369
3600	53.9999987930059	7.040501	nt-approach	551.2264	edge:nt-approach:0:1000	551.1763	edge:nt-approach:0:1000	551.2819	AtoB	True	True	True	True	True	43253.9849987933	edge:nt-approach:0:1000:AtoB	True	edge:nt-approach:0:1000,edge:nt-approach:1000:1020,edge:nt-main:0:100,edge:nt-main:100:380	281	True	116.5536	False	False	True	True	True	21T-1RT:missing;21T-2RT:proceed=True,path=True,locked=True,cancel=False;1RT-22T:missing;2RT-22T:missing	nt-approach	371.2264	edge:nt-approach:0:1000	371.1757	edge:nt-approach:0:1000	371.2813	edge:nt-approach:0:1000:AtoB	True	True	116.5618
3700	55.4999987594783	7.244279	nt-approach	561.9412	edge:nt-approach:0:1000	561.888	edge:nt-approach:0:1000	561.9966	AtoB	True	True	True	True	True	43255.4849987598	edge:nt-approach:0:1000:AtoB	True	edge:nt-approach:0:1000,edge:nt-approach:1000:1020,edge:nt-main:0:100,edge:nt-main:100:380	281	True	115.7166	False	False	True	True	True	21T-1RT:missing;21T-2RT:proceed=True,path=True,locked=True,cancel=False;1RT-22T:missing;2RT-22T:missing	nt-approach	381.9412	edge:nt-approach:0:1000	381.8889	edge:nt-approach:0:1000	381.9975	edge:nt-approach:0:1000:AtoB	True	True	115.7251
3800	56.9999987259507	7.447982	nt-approach	572.9611	edge:nt-approach:0:1000	572.9048	edge:nt-approach:0:1000	573.0165	AtoB	True	True	True	True	True	43256.9849987263	edge:nt-approach:0:1000:AtoB	True	edge:nt-approach:0:1000,edge:nt-approach:1000:1020,edge:nt-main:0:100,edge:nt-main:100:380	281	True	114.8494	False	False	True	True	True	21T-1RT:missing;21T-2RT:proceed=True,path=True,locked=True,cancel=False;1RT-22T:missing;2RT-22T:missing	nt-approach	392.9611	edge:nt-approach:0:1000	392.9072	edge:nt-approach:0:1000	393.019	edge:nt-approach:0:1000:AtoB	True	True	114.8582
3900	58.4999986924231	7.651604	nt-approach	584.2861	edge:nt-approach:0:1000	584.2269	edge:nt-approach:0:1000	584.3416	AtoB	True	True	True	True	True	43258.4849986928	edge:nt-approach:0:1000:AtoB	True	edge:nt-approach:0:1000,edge:nt-approach:1000:1020,edge:nt-main:0:100,edge:nt-main:100:380	281	True	113.9513	False	False	True	True	True	21T-1RT:missing;21T-2RT:proceed=True,path=True,locked=True,cancel=False;1RT-22T:missing;2RT-22T:missing	nt-approach	404.2861	edge:nt-approach:0:1000	404.2308	edge:nt-approach:0:1000	404.3456	edge:nt-approach:0:1000:AtoB	True	True	113.9605
4000	59.9999986588955	7.855132	nt-approach	595.9164	edge:nt-approach:0:1000	595.8541	edge:nt-approach:0:1000	595.9719	AtoB	True	True	True	True	True	43259.9849986592	edge:nt-approach:0:1000:AtoB	True	edge:nt-approach:0:1000,edge:nt-approach:1000:1020,edge:nt-main:0:100,edge:nt-main:100:380	281	True	113.0216	False	False	True	True	True	21T-1RT:missing;21T-2RT:proceed=True,path=True,locked=True,cancel=False;1RT-22T:missing;2RT-22T:missing	nt-approach	415.9164	edge:nt-approach:0:1000	415.8595	edge:nt-approach:0:1000	415.9773	edge:nt-approach:0:1000:AtoB	True	True	113.0311
4100	61.4999986253679	8.058569	nt-approach	607.8518	edge:nt-approach:0:1000	607.7864	edge:nt-approach:0:1000	607.9073	AtoB	True	True	True	True	True	43261.4849986257	edge:nt-approach:0:1000:AtoB	True	edge:nt-approach:0:1000,edge:nt-approach:1000:1020,edge:nt-main:0:100,edge:nt-main:100:380	281	True	112.0595	False	False	True	True	True	21T-1RT:missing;21T-2RT:proceed=True,path=True,locked=True,cancel=False;1RT-22T:missing;2RT-22T:missing	nt-approach	427.8518	edge:nt-approach:0:1000	427.7934	edge:nt-approach:0:1000	427.9143	edge:nt-approach:0:1000:AtoB	True	True	112.0693
4200	62.9999985918403	8.255256	nt-approach	620.0898	edge:nt-approach:0:1000	620.0221	edge:nt-approach:0:1000	620.1459	AtoB	True	True	True	True	True	43262.9849985922	edge:nt-approach:0:1000:AtoB	True	edge:nt-approach:0:1000,edge:nt-approach:1000:1020,edge:nt-main:0:100,edge:nt-main:100:380	281	True	111.0643	False	False	True	True	True	21T-1RT:missing;21T-2RT:proceed=True,path=True,locked=True,cancel=False;1RT-22T:missing;2RT-22T:missing	nt-approach	440.0898	edge:nt-approach:0:1000	440.0299	edge:nt-approach:0:1000	440.1537	edge:nt-approach:0:1000:AtoB	True	True	111.0744
4300	64.4999985583127	8.445202	nt-approach	632.6152	edge:nt-approach:0:1000	632.546	edge:nt-approach:0:1000	632.6726	AtoB	True	True	True	True	True	43264.4849985586	edge:nt-approach:0:1000:AtoB	True	edge:nt-approach:0:1000,edge:nt-approach:1000:1020,edge:nt-main:0:100,edge:nt-main:100:380	281	True	110.0363	False	False	True	True	True	21T-1RT:missing;21T-2RT:proceed=True,path=True,locked=True,cancel=False;1RT-22T:missing;2RT-22T:missing	nt-approach	452.6152	edge:nt-approach:0:1000	452.5538	edge:nt-approach:0:1000	452.6805	edge:nt-approach:0:1000:AtoB	True	True	110.0467
4400	65.999998524785	8.635033	nt-approach	645.4255	edge:nt-approach:0:1000	645.3546	edge:nt-approach:0:1000	645.4841	AtoB	True	True	True	True	True	43265.9849985251	edge:nt-approach:0:1000:AtoB	True	edge:nt-approach:0:1000,edge:nt-approach:1000:1020,edge:nt-main:0:100,edge:nt-main:100:380	281	True	108.9749	False	False	True	True	True	21T-1RT:missing;21T-2RT:proceed=True,path=True,locked=True,cancel=False;1RT-22T:missing;2RT-22T:missing	nt-approach	465.4255	edge:nt-approach:0:1000	465.3627	edge:nt-approach:0:1000	465.4922	edge:nt-approach:0:1000:AtoB	True	True	108.9857
4500	67.4999984912574	8.824751	nt-approach	658.5204	edge:nt-approach:0:1000	658.448	edge:nt-approach:0:1000	658.5804	AtoB	True	True	True	True	True	43267.4849984916	edge:nt-approach:0:1000:AtoB	True	edge:nt-approach:0:1000,edge:nt-approach:1000:1020,edge:nt-main:0:100,edge:nt-main:100:380	281	True	107.8792	False	False	True	True	True	21T-1RT:missing;21T-2RT:proceed=True,path=True,locked=True,cancel=False;1RT-22T:missing;2RT-22T:missing	nt-approach	478.5204	edge:nt-approach:0:1000	478.4561	edge:nt-approach:0:1000	478.5885	edge:nt-approach:0:1000:AtoB	True	True	107.8903
4600	68.9999984577298	9.014333	nt-approach	671.8997	edge:nt-approach:0:1000	671.8259	edge:nt-approach:0:1000	671.9611	AtoB	True	True	True	True	True	43268.9849984581	edge:nt-approach:0:1000:AtoB	True	edge:nt-approach:0:1000,edge:nt-approach:1000:1020,edge:nt-main:0:100,edge:nt-main:100:380	281	True	106.748	False	False	True	True	True	21T-1RT:missing;21T-2RT:proceed=True,path=True,locked=True,cancel=False;1RT-22T:missing;2RT-22T:missing	nt-approach	491.8997	edge:nt-approach:0:1000	491.834	edge:nt-approach:0:1000	491.9692	edge:nt-approach:0:1000:AtoB	True	True	106.7595
4700	70.4999984242022	9.203786	nt-approach	685.5633	edge:nt-approach:0:1000	685.488	edge:nt-approach:0:1000	685.6261	AtoB	True	True	True	True	True	43270.4849984245	edge:nt-approach:0:1000:AtoB	True	edge:nt-approach:0:1000,edge:nt-approach:1000:1020,edge:nt-main:0:100,edge:nt-main:100:380	281	True	105.5803	False	False	True	True	True	21T-1RT:missing;21T-2RT:proceed=True,path=True,locked=True,cancel=False;1RT-22T:missing;2RT-22T:missing	nt-approach	505.5633	edge:nt-approach:0:1000	505.4962	edge:nt-approach:0:1000	505.6343	edge:nt-approach:0:1000:AtoB	True	True	105.5922
4800	71.9999983906746	9.393114	nt-approach	699.5109	edge:nt-approach:0:1000	699.4343	edge:nt-approach:0:1000	699.5752	AtoB	True	True	True	True	True	43271.984998391	edge:nt-approach:0:1000:AtoB	True	edge:nt-approach:0:1000,edge:nt-approach:1000:1020,edge:nt-main:0:100,edge:nt-main:100:380	281	True	104.3748	False	False	True	True	True	21T-1RT:missing;21T-2RT:proceed=True,path=True,locked=True,cancel=False;1RT-22T:missing;2RT-22T:missing	nt-approach	519.5109	edge:nt-approach:0:1000	519.4425	edge:nt-approach:0:1000	519.5834	edge:nt-approach:0:1000:AtoB	True	True	104.3871
4900	73.499998357147	9.58229	nt-approach	713.7425	edge:nt-approach:0:1000	713.6644	edge:nt-approach:0:1000	713.8082	AtoB	True	True	True	True	True	43273.4849983575	edge:nt-approach:0:1000:AtoB	True	edge:nt-approach:0:1000,edge:nt-approach:1000:1020,edge:nt-main:0:100,edge:nt-main:100:380	281	True	103.1303	False	False	True	True	True	21T-1RT:missing;21T-2RT:proceed=True,path=True,locked=True,cancel=False;1RT-22T:missing;2RT-22T:missing	nt-approach	533.7425	edge:nt-approach:0:1000	533.6726	edge:nt-approach:0:1000	533.8163	edge:nt-approach:0:1000:AtoB	True	True	103.143
5000	74.9999983236194	9.771337	nt-approach	728.2577	edge:nt-approach:0:1000	728.1783	edge:nt-approach:0:1000	728.3248	AtoB	True	True	True	True	True	43274.984998324	edge:nt-approach:0:1000:AtoB	True	edge:nt-approach:0:1000,edge:nt-approach:1000:1020,edge:nt-main:0:100,edge:nt-main:100:380	281	True	101.8453	False	False	True	True	True	21T-1RT:missing;21T-2RT:proceed=True,path=True,locked=True,cancel=False;1RT-22T:missing;2RT-22T:missing	nt-approach	548.2577	edge:nt-approach:0:1000	548.1865	edge:nt-approach:0:1000	548.333	edge:nt-approach:0:1000:AtoB	True	True	101.8584
5100	76.4999982900918	9.96023	nt-approach	743.0563	edge:nt-approach:0:1000	742.9756	edge:nt-approach:0:1000	743.125	AtoB	True	True	True	True	True	43276.4849982904	edge:nt-approach:0:1000:AtoB	True	edge:nt-approach:0:1000,edge:nt-approach:1000:1020,edge:nt-main:0:100,edge:nt-main:100:380	281	True	100.5184	False	False	True	True	True	21T-1RT:missing;21T-2RT:proceed=True,path=True,locked=True,cancel=False;1RT-22T:missing;2RT-22T:missing	nt-approach	563.0563	edge:nt-approach:0:1000	562.9838	edge:nt-approach:0:1000	563.1332	edge:nt-approach:0:1000:AtoB	True	True	100.5318
5200	77.9999982565641	10.14898	nt-approach	758.1383	edge:nt-approach:0:1000	758.0561	edge:nt-approach:0:1000	758.2083	AtoB	True	True	True	True	True	43277.9849982569	edge:nt-approach:0:1000:AtoB	True	edge:nt-approach:0:1000,edge:nt-approach:1000:1020,edge:nt-main:0:100,edge:nt-main:100:380	281	True	99.14771	False	False	True	True	True	21T-1RT:missing;21T-2RT:proceed=True,path=True,locked=True,cancel=False;1RT-22T:missing;2RT-22T:missing	nt-approach	578.1383	edge:nt-approach:0:1000	578.0643	edge:nt-approach:0:1000	578.2165	edge:nt-approach:0:1000:AtoB	True	True	99.16164
5300	79.4999982230365	10.33757	nt-approach	773.5032	edge:nt-approach:0:1000	773.4196	edge:nt-approach:0:1000	773.5747	AtoB	True	True	True	True	True	43279.4849982234	edge:nt-approach:0:1000:AtoB	True	edge:nt-approach:0:1000,edge:nt-approach:1000:1020,edge:nt-main:0:100,edge:nt-main:100:380	281	True	97.73158	False	False	True	True	True	21T-1RT:missing;21T-2RT:proceed=True,path=True,locked=True,cancel=False;1RT-22T:missing;2RT-22T:missing	nt-approach	593.5032	edge:nt-approach:0:1000	593.4278	edge:nt-approach:0:1000	593.5829	edge:nt-approach:0:1000:AtoB	True	True	97.74598
5400	80.9999981895089	10.526	nt-approach	789.1509	edge:nt-approach:0:1000	789.0659	edge:nt-approach:0:1000	789.2238	AtoB	True	True	True	True	True	43280.9849981898	edge:nt-approach:0:1000:AtoB	True	edge:nt-approach:0:1000,edge:nt-approach:1000:1020,edge:nt-main:0:100,edge:nt-main:100:380	281	True	96.26798	False	False	True	True	True	21T-1RT:missing;21T-2RT:proceed=True,path=True,locked=True,cancel=False;1RT-22T:missing;2RT-22T:missing	nt-approach	609.1509	edge:nt-approach:0:1000	609.074	edge:nt-approach:0:1000	609.2319	edge:nt-approach:0:1000:AtoB	True	True	96.28287
5500	82.4999981559813	10.71428	nt-approach	805.0811	edge:nt-approach:0:1000	804.9947	edge:nt-approach:0:1000	805.1554	AtoB	True	True	True	True	True	43282.4849981563	edge:nt-approach:0:1000:AtoB	True	edge:nt-approach:0:1000,edge:nt-approach:1000:1020,edge:nt-main:0:100,edge:nt-main:100:380	281	True	94.75475	False	False	True	True	True	21T-1RT:missing;21T-2RT:proceed=True,path=True,locked=True,cancel=False;1RT-22T:missing;2RT-22T:missing	nt-approach	625.0811	edge:nt-approach:0:1000	625.0029	edge:nt-approach:0:1000	625.1636	edge:nt-approach:0:1000:AtoB	True	True	94.77013
5600	83.9999981224537	10.90239	nt-approach	821.2936	edge:nt-approach:0:1000	821.2058	edge:nt-approach:0:1000	821.3693	AtoB	True	True	True	True	True	43283.9849981228	edge:nt-approach:0:1000:AtoB	True	edge:nt-approach:0:1000,edge:nt-approach:1000:1020,edge:nt-main:0:100,edge:nt-main:100:380	281	True	93.18946	False	False	True	True	True	21T-1RT:missing;21T-2RT:proceed=True,path=True,locked=True,cancel=False;1RT-22T:missing;2RT-22T:missing	nt-approach	641.2936	edge:nt-approach:0:1000	641.214	edge:nt-approach:0:1000	641.3775	edge:nt-approach:0:1000:AtoB	True	True	93.20538
5700	85.4999980889261	11.09033	nt-approach	837.7881	edge:nt-approach:0:1000	837.6989	edge:nt-approach:0:1000	837.8653	AtoB	True	True	True	True	True	43285.4849980893	edge:nt-approach:0:1000:AtoB	True	edge:nt-approach:0:1000,edge:nt-approach:1000:1020,edge:nt-main:0:100,edge:nt-main:100:380	281	True	91.5695	False	False	True	True	True	21T-1RT:missing;21T-2RT:proceed=True,path=True,locked=True,cancel=False;1RT-22T:missing;2RT-22T:missing	nt-approach	657.7881	edge:nt-approach:0:1000	657.7071	edge:nt-approach:0:1000	657.8735	edge:nt-approach:0:1000:AtoB	True	True	91.58598
5800	86.9999980553985	11.2781	nt-approach	854.5644	edge:nt-approach:0:1000	854.4737	edge:nt-approach:0:1000	854.6429	AtoB	True	True	True	True	True	43286.9849980557	edge:nt-approach:0:1000:AtoB	True	edge:nt-approach:0:1000,edge:nt-approach:1000:1020,edge:nt-main:0:100,edge:nt-main:100:380	281	True	89.89194	False	False	True	True	True	21T-1RT:missing;21T-2RT:proceed=True,path=True,locked=True,cancel=False;1RT-22T:missing;2RT-22T:missing	nt-approach	674.5644	edge:nt-approach:0:1000	674.4819	edge:nt-approach:0:1000	674.6511	edge:nt-approach:0:1000:AtoB	True	True	89.90901
5900	88.4999980218709	11.4657	nt-approach	871.6223	edge:nt-approach:0:1000	871.5302	edge:nt-approach:0:1000	871.7022	AtoB	True	True	True	True	True	43288.4849980222	edge:nt-approach:0:1000:AtoB	True	edge:nt-approach:0:1000,edge:nt-approach:1000:1020,edge:nt-main:0:100,edge:nt-main:100:380	281	True	88.15348	False	False	True	True	True	21T-1RT:missing;21T-2RT:proceed=True,path=True,locked=True,cancel=False;1RT-22T:missing;2RT-22T:missing	nt-approach	691.6223	edge:nt-approach:0:1000	691.5384	edge:nt-approach:0:1000	691.7104	edge:nt-approach:0:1000:AtoB	True	True	88.17118
6000	89.9999979883432	11.65313	nt-approach	888.9614	edge:nt-approach:0:1000	888.8679	edge:nt-approach:0:1000	889.0427	AtoB	True	True	True	True	True	43289.9849979887	edge:nt-approach:0:1000:AtoB	True	edge:nt-approach:0:1000,edge:nt-approach:1000:1020,edge:nt-main:0:100,edge:nt-main:100:380	281	True	86.35049	False	False	True	True	True	21T-1RT:missing;21T-2RT:proceed=True,path=True,locked=True,cancel=False;1RT-22T:missing;2RT-22T:missing	nt-approach	708.9614	edge:nt-approach:0:1000	708.8761	edge:nt-approach:0:1000	709.0509	edge:nt-approach:0:1000:AtoB	True	True	86.36887
6100	91.4999979548156	11.84037	nt-approach	906.5815	edge:nt-approach:0:1000	906.4867	edge:nt-approach:0:1000	906.6643	AtoB	True	True	True	True	True	43291.4849979552	edge:nt-approach:0:1000:AtoB	True	edge:nt-approach:0:1000,edge:nt-approach:1000:1020,edge:nt-main:0:100,edge:nt-main:100:380	281	True	84.4789	False	False	True	True	True	21T-1RT:missing;21T-2RT:proceed=True,path=True,locked=True,cancel=False;1RT-22T:missing;2RT-22T:missing	nt-approach	726.5815	edge:nt-approach:0:1000	726.4949	edge:nt-approach:0:1000	726.6725	edge:nt-approach:0:1000:AtoB	True	True	84.49796
6200	92.999997921288	12.02743	nt-approach	924.4824	edge:nt-approach:0:1000	924.3862	edge:nt-approach:0:1000	924.5666	AtoB	True	True	True	True	True	43292.9849979216	edge:nt-approach:0:1000:AtoB	True	edge:nt-approach:0:1000,edge:nt-approach:1000:1020,edge:nt-main:0:100,edge:nt-main:100:380	281	True	82.53402	False	False	True	True	True	21T-1RT:missing;21T-2RT:proceed=True,path=True,locked=True,cancel=False;1RT-22T:missing;2RT-22T:missing	nt-approach	744.4824	edge:nt-approach:0:1000	744.3943	edge:nt-approach:0:1000	744.5748	edge:nt-approach:0:1000:AtoB	True	True	82.55385
6300	94.4999978877604	12.2143	nt-approach	942.6637	edge:nt-approach:0:1000	942.5661	edge:nt-approach:0:1000	942.7493	AtoB	True	True	True	True	True	43294.4849978881	edge:nt-approach:0:1000:AtoB	True	edge:nt-approach:0:1000,edge:nt-approach:1000:1020,edge:nt-main:0:100,edge:nt-main:100:380	281	True	80.5106	False	False	True	True	True	21T-1RT:missing;21T-2RT:proceed=True,path=True,locked=True,cancel=False;1RT-22T:missing;2RT-22T:missing	nt-approach	762.6637	edge:nt-approach:0:1000	762.5743	edge:nt-approach:0:1000	762.7575	edge:nt-approach:0:1000:AtoB	True	True	80.53124
6400	95.9999978542328	12.40099	nt-approach	961.1252	edge:nt-approach:0:1000	961.0262	edge:nt-approach:0:1000	961.2122	AtoB	True	True	True	True	True	43295.9849978546	edge:nt-approach:0:1000:AtoB	True	edge:nt-approach:0:1000,edge:nt-approach:1000:1020,edge:nt-main:0:100,edge:nt-main:100:380	281	True	78.40259	False	False	True	True	True	21T-1RT:missing;21T-2RT:proceed=True,path=True,locked=True,cancel=False;1RT-22T:missing;2RT-22T:missing	nt-approach	781.1252	edge:nt-approach:0:1000	781.0344	edge:nt-approach:0:1000	781.2204	edge:nt-approach:0:1000:AtoB	True	True	78.42412
6500	97.4999978207052	12.58749	nt-approach	979.8665	edge:nt-approach:0:1000	979.7663	edge:nt-approach:0:1000	979.9551	AtoB	True	True	True	True	True	43297.484997821	edge:nt-approach:0:1000:AtoB	True	edge:nt-approach:0:1000,edge:nt-approach:1000:1020,edge:nt-main:0:100,edge:nt-main:100:380	281	True	76.20299	False	False	True	True	True	21T-1RT:missing;21T-2RT:proceed=True,path=True,locked=True,cancel=False;1RT-22T:missing;2RT-22T:missing	nt-approach	799.8665	edge:nt-approach:0:1000	799.7745	edge:nt-approach:0:1000	799.9633	edge:nt-approach:0:1000:AtoB	True	True	76.22546
6554	98.3099978026003	12.68812	nt-approach	990.1032	edge:nt-approach:0:1000	990.0021	edge:nt-approach:0:1000	990.1924	AtoB	True	True	True	True	True	43298.2949978029	edge:nt-approach:0:1000:AtoB	True	edge:nt-approach:0:1000,edge:nt-approach:1000:1020,edge:nt-main:0:100,edge:nt-main:100:380	281	True	74.97433	False	False	True	True	True	21T-1RT:missing;21T-2RT:proceed=True,path=True,locked=True,cancel=False;1RT-22T:missing;2RT-22T:missing	nt-approach	810.1032	edge:nt-approach:0:1000	810.0103	edge:nt-approach:0:1000	810.2006	edge:nt-approach:0:1000:AtoB	True	True	75.08935
6555	98.324997802265	12.68998	nt-approach	990.2935	edge:nt-approach:0:1000	990.1924	edge:nt-approach:0:1000	990.3828	AtoB	True	True	True	True	True	43298.3099978026	edge:nt-approach:0:1000:AtoB	True	edge:nt-approach:0:1000,edge:nt-approach:1000:1020,edge:nt-main:0:100,edge:nt-main:100:380	281	True	74.95129	False	False	True	True	True	21T-1RT:missing;21T-2RT:proceed=True,path=True,locked=True,cancel=False;1RT-22T:missing;2RT-22T:missing	nt-approach	810.2935	edge:nt-approach:0:1000	810.2006	edge:nt-approach:0:1000	810.391	edge:nt-approach:0:1000:AtoB	True	True	75.08935
6556	98.3399978019297	12.69184	nt-approach	990.4839	edge:nt-approach:0:1000	990.3828	edge:nt-approach:0:1000	990.5732	AtoB	True	True	True	True	True	43298.3249978023	edge:nt-approach:0:1000:AtoB	True	edge:nt-approach:0:1000,edge:nt-approach:1000:1020,edge:nt-main:0:100,edge:nt-main:100:380	281	True	74.92825	False	False	True	True	True	21T-1RT:missing;21T-2RT:proceed=True,path=True,locked=True,cancel=False;1RT-22T:missing;2RT-22T:missing	nt-approach	810.4839	edge:nt-approach:0:1000	810.391	edge:nt-approach:0:1000	810.5814	edge:nt-approach:0:1000:AtoB	True	True	75.08935
6557	98.3549978015944	12.6937	nt-approach	990.6743	edge:nt-approach:0:1000	990.5732	edge:nt-approach:0:1000	990.7636	AtoB	True	True	True	True	True	43298.3399978019	edge:nt-approach:0:1000:AtoB	True	edge:nt-approach:0:1000,edge:nt-approach:1000:1020,edge:nt-main:0:100,edge:nt-main:100:380	281	True	74.90518	False	False	True	True	True	21T-1RT:missing;21T-2RT:proceed=True,path=True,locked=True,cancel=False;1RT-22T:missing;2RT-22T:missing	nt-approach	810.6743	edge:nt-approach:0:1000	810.5814	edge:nt-approach:0:1000	810.7718	edge:nt-approach:0:1000:AtoB	True	True	75.08935
6558	98.3699978012592	12.69557	nt-approach	990.8647	edge:nt-approach:0:1000	990.7636	edge:nt-approach:0:1000	990.954	AtoB	True	True	True	True	True	43298.3549978016	edge:nt-approach:0:1000:AtoB	True	edge:nt-approach:0:1000,edge:nt-approach:1000:1020,edge:nt-main:0:100,edge:nt-main:100:380	281	True	74.88212	False	False	True	True	True	21T-1RT:missing;21T-2RT:proceed=True,path=True,locked=True,cancel=False;1RT-22T:missing;2RT-22T:missing	nt-approach	810.8647	edge:nt-approach:0:1000	810.7718	edge:nt-approach:0:1000	810.9622	edge:nt-approach:0:1000:AtoB	True	True	75.08935
6559	98.3849978009239	12.69743	nt-approach	991.0551	edge:nt-approach:0:1000	990.954	edge:nt-approach:0:1000	991.1445	AtoB	True	True	True	True	True	43298.3699978013	edge:nt-approach:0:1000:AtoB	True	edge:nt-approach:0:1000,edge:nt-approach:1000:1020,edge:nt-main:0:100,edge:nt-main:100:380	281	True	74.85904	False	False	True	True	True	21T-1RT:missing;21T-2RT:proceed=True,path=True,locked=True,cancel=False;1RT-22T:missing;2RT-22T:missing	nt-approach	811.0551	edge:nt-approach:0:1000	810.9622	edge:nt-approach:0:1000	811.1527	edge:nt-approach:0:1000:AtoB	True	True	75.08935
6560	98.3999978005886	12.69929	nt-approach	991.2456	edge:nt-approach:0:1000	991.1445	edge:nt-approach:0:1000	991.335	AtoB	True	True	True	True	True	43298.3849978009	edge:nt-approach:0:1000:AtoB	True	edge:nt-approach:0:1000,edge:nt-approach:1000:1020,edge:nt-main:0:100,edge:nt-main:100:380	281	True	74.83595	False	False	True	True	True	21T-1RT:missing;21T-2RT:proceed=True,path=True,locked=True,cancel=False;1RT-22T:missing;2RT-22T:missing	nt-approach	811.2456	edge:nt-approach:0:1000	811.1527	edge:nt-approach:0:1000	811.3432	edge:nt-approach:0:1000:AtoB	True	True	75.08935
6561	98.4149978002533	12.70115	nt-approach	991.4361	edge:nt-approach:0:1000	991.335	edge:nt-approach:0:1000	991.5255	AtoB	True	True	True	True	True	43298.3999978006	edge:nt-approach:0:1000:AtoB	True	edge:nt-approach:0:1000,edge:nt-approach:1000:1020,edge:nt-main:0:100,edge:nt-main:100:380	281	True	74.81286	False	False	True	True	True	21T-1RT:missing;21T-2RT:proceed=True,path=True,locked=True,cancel=False;1RT-22T:missing;2RT-22T:missing	nt-approach	811.4361	edge:nt-approach:0:1000	811.3432	edge:nt-approach:0:1000	811.5337	edge:nt-approach:0:1000:AtoB	True	True	75.08935
6562	98.4299977999181	12.70302	nt-approach	991.6266	edge:nt-approach:0:1000	991.5255	edge:nt-approach:0:1000	991.7161	AtoB	True	True	True	True	True	43298.4149978003	edge:nt-approach:0:1000:AtoB	True	edge:nt-approach:0:1000,edge:nt-approach:1000:1020,edge:nt-main:0:100,edge:nt-main:100:380	281	True	74.78974	False	False	True	True	True	21T-1RT:missing;21T-2RT:proceed=True,path=True,locked=True,cancel=False;1RT-22T:missing;2RT-22T:missing	nt-approach	811.6266	edge:nt-approach:0:1000	811.5337	edge:nt-approach:0:1000	811.7242	edge:nt-approach:0:1000:AtoB	True	True	75.08935
6563	98.4449977995828	12.70488	nt-approach	991.8172	edge:nt-approach:0:1000	991.7161	edge:nt-approach:0:1000	991.9066	AtoB	True	True	True	True	True	43298.4299977999	edge:nt-approach:0:1000:AtoB	True	edge:nt-approach:0:1000,edge:nt-approach:1000:1020,edge:nt-main:0:100,edge:nt-main:100:380	281	True	74.76662	False	False	True	True	True	21T-1RT:missing;21T-2RT:proceed=True,path=True,locked=True,cancel=False;1RT-22T:missing;2RT-22T:missing	nt-approach	811.8172	edge:nt-approach:0:1000	811.7242	edge:nt-approach:0:1000	811.9148	edge:nt-approach:0:1000:AtoB	True	True	75.08935
6564	98.4599977992475	12.70674	nt-approach	992.0078	edge:nt-approach:0:1000	991.9066	edge:nt-approach:0:1000	992.0972	AtoB	True	True	True	True	True	43298.4449977996	edge:nt-approach:0:1000:AtoB	True	edge:nt-approach:0:1000,edge:nt-approach:1000:1020,edge:nt-main:0:100,edge:nt-main:100:380	281	True	74.74349	False	False	True	True	True	21T-1RT:missing;21T-2RT:proceed=True,path=True,locked=True,cancel=False;1RT-22T:missing;2RT-22T:missing	nt-approach	812.0078	edge:nt-approach:0:1000	811.9148	edge:nt-approach:0:1000	812.1054	edge:nt-approach:0:1000:AtoB	True	True	75.08935
6565	98.4749977989122	12.7086	nt-approach	992.1984	edge:nt-approach:0:1000	992.0972	edge:nt-approach:0:1000	992.2878	AtoB	True	True	True	True	True	43298.4599977992	edge:nt-approach:0:1000:AtoB	True	edge:nt-approach:0:1000,edge:nt-approach:1000:1020,edge:nt-main:0:100,edge:nt-main:100:380	281	True	74.72035	False	False	True	True	True	21T-1RT:missing;21T-2RT:proceed=True,path=True,locked=True,cancel=False;1RT-22T:missing;2RT-22T:missing	nt-approach	812.1984	edge:nt-approach:0:1000	812.1054	edge:nt-approach:0:1000	812.296	edge:nt-approach:0:1000:AtoB	True	True	75.08935
6566	98.489997798577	12.71047	nt-approach	992.389	edge:nt-approach:0:1000	992.2878	edge:nt-approach:0:1000	992.4785	AtoB	True	True	True	True	True	43298.4749977989	edge:nt-approach:0:1000:AtoB	True	edge:nt-approach:0:1000,edge:nt-approach:1000:1020,edge:nt-main:0:100,edge:nt-main:100:380	281	True	74.6972	False	False	True	True	True	21T-1RT:missing;21T-2RT:proceed=True,path=True,locked=True,cancel=False;1RT-22T:missing;2RT-22T:missing	nt-approach	812.389	edge:nt-approach:0:1000	812.296	edge:nt-approach:0:1000	812.4867	edge:nt-approach:0:1000:AtoB	True	True	75.08935
6567	98.5049977982417	12.71233	nt-approach	992.5797	edge:nt-approach:0:1000	992.4785	edge:nt-approach:0:1000	992.6692	AtoB	True	True	True	True	True	43298.4899977986	edge:nt-approach:0:1000:AtoB	True	edge:nt-approach:0:1000,edge:nt-approach:1000:1020,edge:nt-main:0:100,edge:nt-main:100:380	281	True	74.67403	False	False	True	True	True	21T-1RT:missing;21T-2RT:proceed=True,path=True,locked=True,cancel=False;1RT-22T:missing;2RT-22T:missing	nt-approach	812.5797	edge:nt-approach:0:1000	812.4867	edge:nt-approach:0:1000	812.6774	edge:nt-approach:0:1000:AtoB	True	True	74.6972
6568	98.5199977979064	12.71419	nt-approach	992.7704	edge:nt-approach:0:1000	992.6692	edge:nt-approach:0:1000	992.8599	AtoB	True	True	True	True	True	43298.5049977982	edge:nt-approach:0:1000:AtoB	True	edge:nt-approach:0:1000,edge:nt-approach:1000:1020,edge:nt-main:0:100,edge:nt-main:100:380	281	True	74.65086	False	False	True	True	True	21T-1RT:missing;21T-2RT:proceed=True,path=True,locked=True,cancel=False;1RT-22T:missing;2RT-22T:missing	nt-approach	812.7704	edge:nt-approach:0:1000	812.6774	edge:nt-approach:0:1000	812.8681	edge:nt-approach:0:1000:AtoB	True	True	74.6972
6569	98.5349977975711	12.71605	nt-approach	992.9611	edge:nt-approach:0:1000	992.8599	edge:nt-approach:0:1000	993.0507	AtoB	True	True	True	True	True	43298.5199977979	edge:nt-approach:0:1000:AtoB	True	edge:nt-approach:0:1000,edge:nt-approach:1000:1020,edge:nt-main:0:100,edge:nt-main:100:380	281	True	74.62768	False	False	True	True	True	21T-1RT:missing;21T-2RT:proceed=True,path=True,locked=True,cancel=False;1RT-22T:missing;2RT-22T:missing	nt-approach	812.9611	edge:nt-approach:0:1000	812.8681	edge:nt-approach:0:1000	813.0588	edge:nt-approach:0:1000:AtoB	True	True	74.6972
6570	98.5499977972358	12.71792	nt-approach	993.1519	edge:nt-approach:0:1000	993.0507	edge:nt-approach:0:1000	993.2415	AtoB	True	True	True	True	True	43298.5349977976	edge:nt-approach:0:1000:AtoB	True	edge:nt-approach:0:1000,edge:nt-approach:1000:1020,edge:nt-main:0:100,edge:nt-main:100:380	281	True	74.60448	False	False	True	True	True	21T-1RT:missing;21T-2RT:proceed=True,path=True,locked=True,cancel=False;1RT-22T:missing;2RT-22T:missing	nt-approach	813.1519	edge:nt-approach:0:1000	813.0588	edge:nt-approach:0:1000	813.2496	edge:nt-approach:0:1000:AtoB	True	True	74.6972
6571	98.5649977969006	12.71978	nt-approach	993.3427	edge:nt-approach:0:1000	993.2415	edge:nt-approach:0:1000	993.4323	AtoB	True	True	True	True	True	43298.5499977972	edge:nt-approach:0:1000:AtoB	True	edge:nt-approach:0:1000,edge:nt-approach:1000:1020,edge:nt-main:0:100,edge:nt-main:100:380	281	True	74.58128	False	False	True	True	True	21T-1RT:missing;21T-2RT:proceed=True,path=True,locked=True,cancel=False;1RT-22T:missing;2RT-22T:missing	nt-approach	813.3427	edge:nt-approach:0:1000	813.2496	edge:nt-approach:0:1000	813.4404	edge:nt-approach:0:1000:AtoB	True	True	74.6972
6572	98.5799977965653	12.72164	nt-approach	993.5334	edge:nt-approach:0:1000	993.4323	edge:nt-approach:0:1000	993.623	AtoB	True	True	True	True	True	43298.5649977969	edge:nt-approach:0:1000:AtoB	True	edge:nt-approach:0:1000,edge:nt-approach:1000:1020,edge:nt-main:0:100,edge:nt-main:100:380	281	True	74.55807	False	False	True	True	True	21T-1RT:missing;21T-2RT:proceed=True,path=True,locked=True,cancel=False;1RT-22T:missing;2RT-22T:missing	nt-approach	813.5334	edge:nt-approach:0:1000	813.4404	edge:nt-approach:0:1000	813.6312	edge:nt-approach:0:1000:AtoB	True	True	74.6972
6573	98.59499779623	12.72351	nt-approach	993.7243	edge:nt-approach:0:1000	993.623	edge:nt-approach:0:1000	993.8139	AtoB	True	True	True	True	True	43298.5799977966	edge:nt-approach:0:1000:AtoB	True	edge:nt-approach:0:1000,edge:nt-approach:1000:1020,edge:nt-main:0:100,edge:nt-main:100:380	281	True	74.53484	False	False	True	True	True	21T-1RT:missing;21T-2RT:proceed=True,path=True,locked=True,cancel=False;1RT-22T:missing;2RT-22T:missing	nt-approach	813.7243	edge:nt-approach:0:1000	813.6312	edge:nt-approach:0:1000	813.8221	edge:nt-approach:0:1000:AtoB	True	True	74.6972
6574	98.6099977958947	12.72537	nt-approach	993.9152	edge:nt-approach:0:1000	993.8139	edge:nt-approach:0:1000	994.0048	AtoB	True	True	True	True	True	43298.5949977962	edge:nt-approach:0:1000:AtoB	True	edge:nt-approach:0:1000,edge:nt-approach:1000:1020,edge:nt-main:0:100,edge:nt-main:100:380	281	True	74.5116	False	False	True	True	True	21T-1RT:missing;21T-2RT:proceed=True,path=True,locked=True,cancel=False;1RT-22T:missing;2RT-22T:missing	nt-approach	813.9152	edge:nt-approach:0:1000	813.8221	edge:nt-approach:0:1000	814.0129	edge:nt-approach:0:1000:AtoB	True	True	74.6972
6575	98.6249977955595	12.72723	nt-approach	994.1061	edge:nt-approach:0:1000	994.0048	edge:nt-approach:0:1000	994.1957	AtoB	True	True	True	True	True	43298.6099977959	edge:nt-approach:0:1000:AtoB	True	edge:nt-approach:0:1000,edge:nt-approach:1000:1020,edge:nt-main:0:100,edge:nt-main:100:380	281	True	74.48836	False	False	True	True	True	21T-1RT:missing;21T-2RT:proceed=True,path=True,locked=True,cancel=False;1RT-22T:missing;2RT-22T:missing	nt-approach	814.1061	edge:nt-approach:0:1000	814.0129	edge:nt-approach:0:1000	814.2039	edge:nt-approach:0:1000:AtoB	True	True	74.6972
6576	98.6399977952242	12.72909	nt-approach	994.297	edge:nt-approach:0:1000	994.1957	edge:nt-approach:0:1000	994.3866	AtoB	True	True	True	True	True	43298.6249977956	edge:nt-approach:0:1000:AtoB	True	edge:nt-approach:0:1000,edge:nt-approach:1000:1020,edge:nt-main:0:100,edge:nt-main:100:380	281	True	74.4651	False	False	True	True	True	21T-1RT:missing;21T-2RT:proceed=True,path=True,locked=True,cancel=False;1RT-22T:missing;2RT-22T:missing	nt-approach	814.297	edge:nt-approach:0:1000	814.2039	edge:nt-approach:0:1000	814.3948	edge:nt-approach:0:1000:AtoB	True	True	74.6972
6577	98.6549977948889	12.73096	nt-approach	994.488	edge:nt-approach:0:1000	994.3866	edge:nt-approach:0:1000	994.5776	AtoB	True	True	True	True	True	43298.6399977952	edge:nt-approach:0:1000:AtoB	True	edge:nt-approach:0:1000,edge:nt-approach:1000:1020,edge:nt-main:0:100,edge:nt-main:100:380	281	True	74.44183	False	False	True	True	True	21T-1RT:missing;21T-2RT:proceed=True,path=True,locked=True,cancel=False;1RT-22T:missing;2RT-22T:missing	nt-approach	814.488	edge:nt-approach:0:1000	814.3948	edge:nt-approach:0:1000	814.5858	edge:nt-approach:0:1000:AtoB	True	True	74.6972
6578	98.6699977945536	12.73282	nt-approach	994.679	edge:nt-approach:0:1000	994.5776	edge:nt-approach:0:1000	994.7686	AtoB	True	True	True	True	True	43298.6549977949	edge:nt-approach:0:1000:AtoB	True	edge:nt-approach:0:1000,edge:nt-approach:1000:1020,edge:nt-main:0:100,edge:nt-main:100:380	281	True	74.41856	False	False	True	True	True	21T-1RT:missing;21T-2RT:proceed=True,path=True,locked=True,cancel=False;1RT-22T:missing;2RT-22T:missing	nt-approach	814.679	edge:nt-approach:0:1000	814.5858	edge:nt-approach:0:1000	814.7767	edge:nt-approach:0:1000:AtoB	True	True	74.6972
6579	98.6849977942184	12.73468	nt-approach	994.8699	edge:nt-approach:0:1000	994.7686	edge:nt-approach:0:1000	994.9596	AtoB	True	True	True	True	True	43298.6699977946	edge:nt-approach:0:1000:AtoB	True	edge:nt-approach:0:1000,edge:nt-approach:1000:1020,edge:nt-main:0:100,edge:nt-main:100:380	281	True	74.39526	False	False	True	True	True	21T-1RT:missing;21T-2RT:proceed=True,path=True,locked=True,cancel=False;1RT-22T:missing;2RT-22T:missing	nt-approach	814.8699	edge:nt-approach:0:1000	814.7767	edge:nt-approach:0:1000	814.9678	edge:nt-approach:0:1000:AtoB	True	True	74.6972
6580	98.6999977938831	12.73654	nt-approach	995.061	edge:nt-approach:0:1000	994.9596	edge:nt-approach:0:1000	995.1506	AtoB	True	True	True	True	True	43298.6849977942	edge:nt-approach:0:1000:AtoB	True	edge:nt-approach:0:1000,edge:nt-approach:1000:1020,edge:nt-main:0:100,edge:nt-main:100:380	281	True	74.37196	False	False	True	True	True	21T-1RT:missing;21T-2RT:proceed=True,path=True,locked=True,cancel=False;1RT-22T:missing;2RT-22T:missing	nt-approach	815.061	edge:nt-approach:0:1000	814.9678	edge:nt-approach:0:1000	815.1588	edge:nt-approach:0:1000:AtoB	True	True	74.6972
6581	98.7149977935478	12.73841	nt-approach	995.252	edge:nt-approach:0:1000	995.1506	edge:nt-approach:0:1000	995.3417	AtoB	True	True	True	True	True	43298.6999977939	edge:nt-approach:0:1000:AtoB	True	edge:nt-approach:0:1000,edge:nt-approach:1000:1020,edge:nt-main:0:100,edge:nt-main:100:380	281	True	74.34865	False	False	True	True	True	21T-1RT:missing;21T-2RT:proceed=True,path=True,locked=True,cancel=False;1RT-22T:missing;2RT-22T:missing	nt-approach	815.252	edge:nt-approach:0:1000	815.1588	edge:nt-approach:0:1000	815.3499	edge:nt-approach:0:1000:AtoB	True	True	74.6972
6582	98.7299977932125	12.74027	nt-approach	995.4431	edge:nt-approach:0:1000	995.3417	edge:nt-approach:0:1000	995.5328	AtoB	True	True	True	True	True	43298.7149977935	edge:nt-approach:0:1000:AtoB	True	edge:nt-approach:0:1000,edge:nt-approach:1000:1020,edge:nt-main:0:100,edge:nt-main:100:380	281	True	74.32533	False	False	True	True	True	21T-1RT:missing;21T-2RT:proceed=True,path=True,locked=True,cancel=False;1RT-22T:missing;2RT-22T:missing	nt-approach	815.4431	edge:nt-approach:0:1000	815.3499	edge:nt-approach:0:1000	815.541	edge:nt-approach:0:1000:AtoB	True	True	74.6972
6583	98.7449977928773	12.74213	nt-approach	995.6342	edge:nt-approach:0:1000	995.5328	edge:nt-approach:0:1000	995.724	AtoB	True	True	True	True	True	43298.7299977932	edge:nt-approach:0:1000:AtoB	True	edge:nt-approach:0:1000,edge:nt-approach:1000:1020,edge:nt-main:0:100,edge:nt-main:100:380	281	True	74.30199	False	False	True	True	True	21T-1RT:missing;21T-2RT:proceed=True,path=True,locked=True,cancel=False;1RT-22T:missing;2RT-22T:missing	nt-approach	815.6342	edge:nt-approach:0:1000	815.541	edge:nt-approach:0:1000	815.7322	edge:nt-approach:0:1000:AtoB	True	True	74.6972
6584	98.759997792542	12.74399	nt-approach	995.8254	edge:nt-approach:0:1000	995.724	edge:nt-approach:0:1000	995.9152	AtoB	True	True	True	True	True	43298.7449977929	edge:nt-approach:0:1000:AtoB	True	edge:nt-approach:0:1000,edge:nt-approach:1000:1020,edge:nt-main:0:100,edge:nt-main:100:380	281	True	74.27865	False	False	True	True	True	21T-1RT:missing;21T-2RT:proceed=True,path=True,locked=True,cancel=False;1RT-22T:missing;2RT-22T:missing	nt-approach	815.8254	edge:nt-approach:0:1000	815.7322	edge:nt-approach:0:1000	815.9233	edge:nt-approach:0:1000:AtoB	True	True	74.30199
6585	98.7749977922067	12.74586	nt-approach	996.0165	edge:nt-approach:0:1000	995.9152	edge:nt-approach:0:1000	996.1063	AtoB	True	True	True	True	True	43298.7599977925	edge:nt-approach:0:1000:AtoB	True	edge:nt-approach:0:1000,edge:nt-approach:1000:1020,edge:nt-main:0:100,edge:nt-main:100:380	281	True	74.25529	False	False	True	True	True	21T-1RT:missing;21T-2RT:proceed=True,path=True,locked=True,cancel=False;1RT-22T:missing;2RT-22T:missing	nt-approach	816.0165	edge:nt-approach:0:1000	815.9233	edge:nt-approach:0:1000	816.1145	edge:nt-approach:0:1000:AtoB	True	True	74.30199
6586	98.7899977918714	12.74772	nt-approach	996.2078	edge:nt-approach:0:1000	996.1063	edge:nt-approach:0:1000	996.2975	AtoB	True	True	True	True	True	43298.7749977922	edge:nt-approach:0:1000:AtoB	True	edge:nt-approach:0:1000,edge:nt-approach:1000:1020,edge:nt-main:0:100,edge:nt-main:100:380	281	True	74.23193	False	False	True	True	True	21T-1RT:missing;21T-2RT:proceed=True,path=True,locked=True,cancel=False;1RT-22T:missing;2RT-22T:missing	nt-approach	816.2078	edge:nt-approach:0:1000	816.1145	edge:nt-approach:0:1000	816.3057	edge:nt-approach:0:1000:AtoB	True	True	74.30199
6587	98.8049977915362	12.74958	nt-approach	996.399	edge:nt-approach:0:1000	996.2975	edge:nt-approach:0:1000	996.4888	AtoB	True	True	True	True	True	43298.7899977919	edge:nt-approach:0:1000:AtoB	True	edge:nt-approach:0:1000,edge:nt-approach:1000:1020,edge:nt-main:0:100,edge:nt-main:100:380	281	True	74.20855	False	False	True	True	True	21T-1RT:missing;21T-2RT:proceed=True,path=True,locked=True,cancel=False;1RT-22T:missing;2RT-22T:missing	nt-approach	816.399	edge:nt-approach:0:1000	816.3057	edge:nt-approach:0:1000	816.4969	edge:nt-approach:0:1000:AtoB	True	True	74.30199
6588	98.8199977912009	12.75144	nt-approach	996.5903	edge:nt-approach:0:1000	996.4888	edge:nt-approach:0:1000	996.6801	AtoB	True	True	True	True	True	43298.8049977915	edge:nt-approach:0:1000:AtoB	True	edge:nt-approach:0:1000,edge:nt-approach:1000:1020,edge:nt-main:0:100,edge:nt-main:100:380	281	True	74.18517	False	False	True	True	True	21T-1RT:missing;21T-2RT:proceed=True,path=True,locked=True,cancel=False;1RT-22T:missing;2RT-22T:missing	nt-approach	816.5903	edge:nt-approach:0:1000	816.4969	edge:nt-approach:0:1000	816.6882	edge:nt-approach:0:1000:AtoB	True	True	74.30199
6589	98.8349977908656	12.75331	nt-approach	996.7816	edge:nt-approach:0:1000	996.6801	edge:nt-approach:0:1000	996.8713	AtoB	True	True	True	True	True	43298.8199977912	edge:nt-approach:0:1000:AtoB	True	edge:nt-approach:0:1000,edge:nt-approach:1000:1020,edge:nt-main:0:100,edge:nt-main:100:380	281	True	74.16177	False	False	True	True	True	21T-1RT:missing;21T-2RT:proceed=True,path=True,locked=True,cancel=False;1RT-22T:missing;2RT-22T:missing	nt-approach	816.7816	edge:nt-approach:0:1000	816.6882	edge:nt-approach:0:1000	816.8795	edge:nt-approach:0:1000:AtoB	True	True	74.30199
6590	98.8499977905303	12.75517	nt-approach	996.9728	edge:nt-approach:0:1000	996.8713	edge:nt-approach:0:1000	997.0627	AtoB	True	True	True	True	True	43298.8349977909	edge:nt-approach:0:1000:AtoB	True	edge:nt-approach:0:1000,edge:nt-approach:1000:1020,edge:nt-main:0:100,edge:nt-main:100:380	281	True	74.13837	False	False	True	True	True	21T-1RT:missing;21T-2RT:proceed=True,path=True,locked=True,cancel=False;1RT-22T:missing;2RT-22T:missing	nt-approach	816.9728	edge:nt-approach:0:1000	816.8795	edge:nt-approach:0:1000	817.0709	edge:nt-approach:0:1000:AtoB	True	True	74.30199
6591	98.864997790195	12.75703	nt-approach	997.1642	edge:nt-approach:0:1000	997.0627	edge:nt-approach:0:1000	997.254	AtoB	True	True	True	True	True	43298.8499977905	edge:nt-approach:0:1000:AtoB	True	edge:nt-approach:0:1000,edge:nt-approach:1000:1020,edge:nt-main:0:100,edge:nt-main:100:380	281	True	74.11494	False	False	True	True	True	21T-1RT:missing;21T-2RT:proceed=True,path=True,locked=True,cancel=False;1RT-22T:missing;2RT-22T:missing	nt-approach	817.1642	edge:nt-approach:0:1000	817.0709	edge:nt-approach:0:1000	817.2622	edge:nt-approach:0:1000:AtoB	True	True	74.30199
6592	98.8799977898598	12.75889	nt-approach	997.3555	edge:nt-approach:0:1000	997.254	edge:nt-approach:0:1000	997.4454	AtoB	True	True	True	True	True	43298.8649977902	edge:nt-approach:0:1000:AtoB	True	edge:nt-approach:0:1000,edge:nt-approach:1000:1020,edge:nt-main:0:100,edge:nt-main:100:380	281	True	74.09151	False	False	True	True	True	21T-1RT:missing;21T-2RT:proceed=True,path=True,locked=True,cancel=False;1RT-22T:missing;2RT-22T:missing	nt-approach	817.3555	edge:nt-approach:0:1000	817.2622	edge:nt-approach:0:1000	817.4536	edge:nt-approach:0:1000:AtoB	True	True	74.30199
6593	98.8949977895245	12.76076	nt-approach	997.5469	edge:nt-approach:0:1000	997.4454	edge:nt-approach:0:1000	997.6368	AtoB	True	True	True	True	True	43298.8799977899	edge:nt-approach:0:1000:AtoB	True	edge:nt-approach:0:1000,edge:nt-approach:1000:1020,edge:nt-main:0:100,edge:nt-main:100:380	281	True	74.06807	False	False	True	True	True	21T-1RT:missing;21T-2RT:proceed=True,path=True,locked=True,cancel=False;1RT-22T:missing;2RT-22T:missing	nt-approach	817.5469	edge:nt-approach:0:1000	817.4536	edge:nt-approach:0:1000	817.645	edge:nt-approach:0:1000:AtoB	True	True	74.30199
6594	98.9099977891892	12.76262	nt-approach	997.7383	edge:nt-approach:0:1000	997.6368	edge:nt-approach:0:1000	997.8283	AtoB	True	True	True	True	True	43298.8949977895	edge:nt-approach:0:1000:AtoB	True	edge:nt-approach:0:1000,edge:nt-approach:1000:1020,edge:nt-main:0:100,edge:nt-main:100:380	281	True	74.04462	False	False	True	True	True	21T-1RT:missing;21T-2RT:proceed=True,path=True,locked=True,cancel=False;1RT-22T:missing;2RT-22T:missing	nt-approach	817.7383	edge:nt-approach:0:1000	817.645	edge:nt-approach:0:1000	817.8365	edge:nt-approach:0:1000:AtoB	True	True	74.30199
6595	98.9249977888539	12.76448	nt-approach	997.9298	edge:nt-approach:0:1000	997.8283	edge:nt-approach:0:1000	998.0198	AtoB	True	True	True	True	True	43298.9099977892	edge:nt-approach:0:1000:AtoB	True	edge:nt-approach:0:1000,edge:nt-approach:1000:1020,edge:nt-main:0:100,edge:nt-main:100:380	281	True	74.02116	False	False	True	True	True	21T-1RT:missing;21T-2RT:proceed=True,path=True,locked=True,cancel=False;1RT-22T:missing;2RT-22T:missing	nt-approach	817.9298	edge:nt-approach:0:1000	817.8365	edge:nt-approach:0:1000	818.028	edge:nt-approach:0:1000:AtoB	True	True	74.30199
6596	98.9399977885187	12.76634	nt-approach	998.1213	edge:nt-approach:0:1000	998.0198	edge:nt-approach:0:1000	998.2112	AtoB	True	True	True	True	True	43298.9249977889	edge:nt-approach:0:1000:AtoB	True	edge:nt-approach:0:1000,edge:nt-approach:1000:1020,edge:nt-main:0:100,edge:nt-main:100:380	281	True	73.99768	False	False	True	True	True	21T-1RT:missing;21T-2RT:proceed=True,path=True,locked=True,cancel=False;1RT-22T:missing;2RT-22T:missing	nt-approach	818.1213	edge:nt-approach:0:1000	818.028	edge:nt-approach:0:1000	818.2194	edge:nt-approach:0:1000:AtoB	True	True	74.30199
6597	98.9549977881834	12.76821	nt-approach	998.3128	edge:nt-approach:0:1000	998.2112	edge:nt-approach:0:1000	998.4028	AtoB	True	True	True	True	True	43298.9399977885	edge:nt-approach:0:1000:AtoB	True	edge:nt-approach:0:1000,edge:nt-approach:1000:1020,edge:nt-main:0:100,edge:nt-main:100:380	281	True	73.9742	False	False	True	True	True	21T-1RT:missing;21T-2RT:proceed=True,path=True,locked=True,cancel=False;1RT-22T:missing;2RT-22T:missing	nt-approach	818.3128	edge:nt-approach:0:1000	818.2194	edge:nt-approach:0:1000	818.4109	edge:nt-approach:0:1000:AtoB	True	True	74.30199
6598	98.9699977878481	12.77007	nt-approach	998.5043	edge:nt-approach:0:1000	998.4028	edge:nt-approach:0:1000	998.5943	AtoB	True	True	True	True	True	43298.9549977882	edge:nt-approach:0:1000:AtoB	True	edge:nt-approach:0:1000,edge:nt-approach:1000:1020,edge:nt-main:0:100,edge:nt-main:100:380	281	True	73.95071	False	False	True	True	True	21T-1RT:missing;21T-2RT:proceed=True,path=True,locked=True,cancel=False;1RT-22T:missing;2RT-22T:missing	nt-approach	818.5043	edge:nt-approach:0:1000	818.4109	edge:nt-approach:0:1000	818.6025	edge:nt-approach:0:1000:AtoB	True	True	74.30199
6599	98.9849977875128	12.77193	nt-approach	998.6959	edge:nt-approach:0:1000	998.5943	edge:nt-approach:0:1000	998.7859	AtoB	True	True	True	True	True	43298.9699977878	edge:nt-approach:0:1000:AtoB	True	edge:nt-approach:0:1000,edge:nt-approach:1000:1020,edge:nt-main:0:100,edge:nt-main:100:380	281	True	73.9272	False	False	True	True	True	21T-1RT:missing;21T-2RT:proceed=True,path=True,locked=True,cancel=False;1RT-22T:missing;2RT-22T:missing	nt-approach	818.6959	edge:nt-approach:0:1000	818.6025	edge:nt-approach:0:1000	818.7941	edge:nt-approach:0:1000:AtoB	True	True	74.30199
6600	98.9999977871776	12.77379	nt-approach	998.8875	edge:nt-approach:0:1000	998.7859	edge:nt-approach:0:1000	998.9775	AtoB	True	True	True	True	True	43298.9849977875	edge:nt-approach:0:1000:AtoB	True	edge:nt-approach:0:1000,edge:nt-approach:1000:1020,edge:nt-main:0:100,edge:nt-main:100:380	281	True	73.90369	False	False	True	True	True	21T-1RT:missing;21T-2RT:proceed=True,path=True,locked=True,cancel=False;1RT-22T:missing;2RT-22T:missing	nt-approach	818.8875	edge:nt-approach:0:1000	818.7941	edge:nt-approach:0:1000	818.9857	edge:nt-approach:0:1000:AtoB	True	True	73.9272
6601	99.0149977868423	12.77565	nt-approach	999.0792	edge:nt-approach:0:1000	998.9775	edge:nt-approach:0:1000	999.1691	AtoB	True	True	True	True	True	43298.9999977872	edge:nt-approach:0:1000:AtoB	True	edge:nt-approach:0:1000,edge:nt-approach:1000:1020,edge:nt-main:0:100,edge:nt-main:100:380	281	True	73.88016	False	False	True	True	True	21T-1RT:missing;21T-2RT:proceed=True,path=True,locked=True,cancel=False;1RT-22T:missing;2RT-22T:missing	nt-approach	819.0792	edge:nt-approach:0:1000	818.9857	edge:nt-approach:0:1000	819.1773	edge:nt-approach:0:1000:AtoB	True	True	73.9272
6602	99.029997786507	12.77752	nt-approach	999.2708	edge:nt-approach:0:1000	999.1691	edge:nt-approach:0:1000	999.3608	AtoB	True	True	True	True	True	43299.0149977868	edge:nt-approach:0:1000:AtoB	True	edge:nt-approach:0:1000,edge:nt-approach:1000:1020,edge:nt-main:0:100,edge:nt-main:100:380	281	True	73.85662	False	False	True	True	True	21T-1RT:missing;21T-2RT:proceed=True,path=True,locked=True,cancel=False;1RT-22T:missing;2RT-22T:missing	nt-approach	819.2708	edge:nt-approach:0:1000	819.1773	edge:nt-approach:0:1000	819.369	edge:nt-approach:0:1000:AtoB	True	True	73.9272
6603	99.0449977861717	12.77938	nt-approach	999.4625	edge:nt-approach:0:1000	999.3608	edge:nt-approach:0:1000	999.5525	AtoB	True	True	True	True	True	43299.0299977865	edge:nt-approach:0:1000:AtoB	True	edge:nt-approach:0:1000,edge:nt-approach:1000:1020,edge:nt-main:0:100,edge:nt-main:100:380	281	True	73.83307	False	False	True	True	True	21T-1RT:missing;21T-2RT:proceed=True,path=True,locked=True,cancel=False;1RT-22T:missing;2RT-22T:missing	nt-approach	819.4625	edge:nt-approach:0:1000	819.369	edge:nt-approach:0:1000	819.5607	edge:nt-approach:0:1000:AtoB	True	True	73.9272
6604	99.0599977858365	12.78124	nt-approach	999.6542	edge:nt-approach:0:1000	999.5525	edge:nt-approach:0:1000	999.7442	AtoB	True	True	True	True	True	43299.0449977862	edge:nt-approach:0:1000:AtoB	True	edge:nt-approach:0:1000,edge:nt-approach:1000:1020,edge:nt-main:0:100,edge:nt-main:100:380	281	True	73.80951	False	False	True	True	True	21T-1RT:missing;21T-2RT:proceed=True,path=True,locked=True,cancel=False;1RT-22T:missing;2RT-22T:missing	nt-approach	819.6542	edge:nt-approach:0:1000	819.5607	edge:nt-approach:0:1000	819.7524	edge:nt-approach:0:1000:AtoB	True	True	73.9272
6605	99.0749977855012	12.7831	nt-approach	999.8459	edge:nt-approach:0:1000	999.7442	edge:nt-approach:0:1000	999.936	AtoB	True	True	True	True	True	43299.0599977858	edge:nt-approach:0:1000:AtoB	True	edge:nt-approach:0:1000,edge:nt-approach:1000:1020,edge:nt-main:0:100,edge:nt-main:100:380	281	True	73.78593	False	False	True	True	True	21T-1RT:missing;21T-2RT:proceed=True,path=True,locked=True,cancel=False;1RT-22T:missing;2RT-22T:missing	nt-approach	819.8459	edge:nt-approach:0:1000	819.7524	edge:nt-approach:0:1000	819.9442	edge:nt-approach:0:1000:AtoB	True	True	73.9272
6606	99.0899977851659	12.78496	nt-approach	1000.038	edge:nt-approach:0:1000	999.936	edge:nt-approach:1000:1020	0.1277485	AtoB	True	True	True	True	True	43299.0749977855	edge:nt-approach:1000:1020:AtoB,edge:nt-main:0:100:AtoB	True	edge:nt-approach:1000:1020,edge:nt-main:0:100,edge:nt-main:100:380	81	True	73.76235	False	False	True	True	True	21T-1RT:missing;21T-2RT:proceed=True,path=True,locked=True,cancel=False;1RT-22T:missing;2RT-22T:missing	nt-approach	820.0377	edge:nt-approach:0:1000	819.9442	edge:nt-approach:0:1000	820.1359	edge:nt-approach:0:1000:AtoB	True	True	73.9272
6607	99.1049977848306	12.78682	nt-approach	1000.229	edge:nt-approach:1000:1020	0.1277485	edge:nt-approach:1000:1020	0.3195509	AtoB	True	True	True	True	True	43299.0899977852	edge:nt-approach:1000:1020:AtoB,edge:nt-main:0:100:AtoB	True	edge:nt-approach:1000:1020,edge:nt-main:0:100,edge:nt-main:100:380	81	True	73.73875	False	False	True	True	True	21T-1RT:missing;21T-2RT:proceed=True,path=True,locked=True,cancel=False;1RT-22T:missing;2RT-22T:missing	nt-approach	820.2294	edge:nt-approach:0:1000	820.1359	edge:nt-approach:0:1000	820.3277	edge:nt-approach:0:1000:AtoB	True	True	73.9272
6608	99.1199977844954	12.78868	nt-approach	1000.421	edge:nt-approach:1000:1020	0.3195509	edge:nt-approach:1000:1020	0.5113811	AtoB	True	True	True	True	True	43299.1049977848	edge:nt-approach:1000:1020:AtoB,edge:nt-main:0:100:AtoB	True	edge:nt-approach:1000:1020,edge:nt-main:0:100,edge:nt-main:100:380	81	True	73.71515	False	False	True	True	True	21T-1RT:missing;21T-2RT:proceed=True,path=True,locked=True,cancel=False;1RT-22T:missing;2RT-22T:missing	nt-approach	820.4213	edge:nt-approach:0:1000	820.3277	edge:nt-approach:0:1000	820.5195	edge:nt-approach:0:1000:AtoB	True	True	73.9272
6609	99.1349977841601	12.79055	nt-approach	1000.613	edge:nt-approach:1000:1020	0.5113811	edge:nt-approach:1000:1020	0.7032393	AtoB	True	True	True	True	True	43299.1199977845	edge:nt-approach:1000:1020:AtoB,edge:nt-main:0:100:AtoB	True	edge:nt-approach:1000:1020,edge:nt-main:0:100,edge:nt-main:100:380	81	True	73.69154	False	False	True	True	True	21T-1RT:missing;21T-2RT:proceed=True,path=True,locked=True,cancel=False;1RT-22T:missing;2RT-22T:missing	nt-approach	820.6131	edge:nt-approach:0:1000	820.5195	edge:nt-approach:0:1000	820.7114	edge:nt-approach:0:1000:AtoB	True	True	73.9272
6610	99.1499977838248	12.79241	nt-approach	1000.805	edge:nt-approach:1000:1020	0.7032393	edge:nt-approach:1000:1020	0.8951254	AtoB	True	True	True	True	True	43299.1349977842	edge:nt-approach:1000:1020:AtoB,edge:nt-main:0:100:AtoB	True	edge:nt-approach:1000:1020,edge:nt-main:0:100,edge:nt-main:100:380	81	True	73.66791	False	False	True	True	True	21T-1RT:missing;21T-2RT:proceed=True,path=True,locked=True,cancel=False;1RT-22T:missing;2RT-22T:missing	nt-approach	820.805	edge:nt-approach:0:1000	820.7114	edge:nt-approach:0:1000	820.9033	edge:nt-approach:0:1000:AtoB	True	True	73.9272
6611	99.1649977834895	12.79427	nt-approach	1000.997	edge:nt-approach:1000:1020	0.8951254	edge:nt-approach:1000:1020	1.087039	AtoB	True	True	True	True	True	43299.1499977838	edge:nt-approach:1000:1020:AtoB,edge:nt-main:0:100:AtoB	True	edge:nt-approach:1000:1020,edge:nt-main:0:100,edge:nt-main:100:380	81	True	73.64427	False	False	True	True	True	21T-1RT:missing;21T-2RT:proceed=True,path=True,locked=True,cancel=False;1RT-22T:missing;2RT-22T:missing	nt-approach	820.9969	edge:nt-approach:0:1000	820.9033	edge:nt-approach:0:1000	821.0952	edge:nt-approach:0:1000:AtoB	True	True	73.9272
6612	99.1799977831542	12.79613	nt-approach	1001.189	edge:nt-approach:1000:1020	1.087039	edge:nt-approach:1000:1020	1.278981	AtoB	True	True	True	True	True	43299.1649977835	edge:nt-approach:1000:1020:AtoB,edge:nt-main:0:100:AtoB	True	edge:nt-approach:1000:1020,edge:nt-main:0:100,edge:nt-main:100:380	81	True	73.62063	False	False	True	True	True	21T-1RT:missing;21T-2RT:proceed=True,path=True,locked=True,cancel=False;1RT-22T:missing;2RT-22T:missing	nt-approach	821.1888	edge:nt-approach:0:1000	821.0952	edge:nt-approach:0:1000	821.2871	edge:nt-approach:0:1000:AtoB	True	True	73.9272
6613	99.194997782819	12.79799	nt-approach	1001.381	edge:nt-approach:1000:1020	1.278981	edge:nt-approach:1000:1020	1.470951	AtoB	True	True	True	True	True	43299.1799977832	edge:nt-approach:1000:1020:AtoB,edge:nt-main:0:100:AtoB	True	edge:nt-approach:1000:1020,edge:nt-main:0:100,edge:nt-main:100:380	81	True	73.59696	False	False	True	True	True	21T-1RT:missing;21T-2RT:proceed=False,path=True,locked=True,cancel=False;1RT-22T:missing;2RT-22T:missing	nt-approach	821.3808	edge:nt-approach:0:1000	821.2871	edge:nt-approach:0:1000	821.4791	edge:nt-approach:0:1000:AtoB	True	True	73.9272
6614	99.2099977824837	12.79985	nt-approach	1001.573	edge:nt-approach:1000:1020	1.470951	edge:nt-approach:1000:1020	1.662949	AtoB	True	True	True	True	True	43299.1949977828	edge:nt-approach:1000:1020:AtoB,edge:nt-main:0:100:AtoB	True	edge:nt-approach:1000:1020,edge:nt-main:0:100,edge:nt-main:100:380	81	True	73.5733	False	False	True	True	True	21T-1RT:missing;21T-2RT:proceed=False,path=True,locked=True,cancel=False;1RT-22T:missing;2RT-22T:missing	nt-approach	821.5728	edge:nt-approach:0:1000	821.4791	edge:nt-approach:0:1000	821.6711	edge:nt-approach:0:1000:AtoB	True	True	73.9272
6615	99.2249977821484	12.80172	nt-approach	1001.765	edge:nt-approach:1000:1020	1.662949	edge:nt-approach:1000:1020	1.854975	AtoB	True	True	True	True	True	43299.2099977825	edge:nt-approach:1000:1020:AtoB,edge:nt-main:0:100:AtoB	True	edge:nt-approach:1000:1020,edge:nt-main:0:100,edge:nt-main:100:380	81	True	73.54961	False	False	True	True	True	21T-1RT:missing;21T-2RT:proceed=False,path=True,locked=True,cancel=False;1RT-22T:missing;2RT-22T:missing	nt-approach	821.7648	edge:nt-approach:0:1000	821.6711	edge:nt-approach:0:1000	821.8631	edge:nt-approach:0:1000:AtoB	True	True	73.9272
6616	99.2399977818131	12.80358	nt-approach	1001.957	edge:nt-approach:1000:1020	1.854975	edge:nt-approach:1000:1020	2.047029	AtoB	True	True	True	True	True	43299.2249977821	edge:nt-approach:1000:1020:AtoB,edge:nt-main:0:100:AtoB	True	edge:nt-approach:1000:1020,edge:nt-main:0:100,edge:nt-main:100:380	81	True	73.52592	False	False	True	True	True	21T-1RT:missing;21T-2RT:proceed=False,path=True,locked=True,cancel=False;1RT-22T:missing;2RT-22T:missing	nt-approach	821.9568	edge:nt-approach:0:1000	821.8631	edge:nt-approach:0:1000	822.0552	edge:nt-approach:0:1000:AtoB	True	True	73.9272
6617	99.2549977814779	12.80544	nt-approach	1002.149	edge:nt-approach:1000:1020	2.047029	edge:nt-approach:1000:1020	2.23911	AtoB	True	True	True	True	True	43299.2399977818	edge:nt-approach:1000:1020:AtoB,edge:nt-main:0:100:AtoB	True	edge:nt-approach:1000:1020,edge:nt-main:0:100,edge:nt-main:100:380	81	True	73.50221	False	False	True	True	True	21T-1RT:missing;21T-2RT:proceed=False,path=True,locked=True,cancel=False;1RT-22T:missing;2RT-22T:missing	nt-approach	822.1489	edge:nt-approach:0:1000	822.0552	edge:nt-approach:0:1000	822.2473	edge:nt-approach:0:1000:AtoB	True	True	73.52592
6618	99.2699977811426	12.8073	nt-approach	1002.341	edge:nt-approach:1000:1020	2.23911	edge:nt-approach:1000:1020	2.43122	AtoB	True	True	True	True	True	43299.2549977815	edge:nt-approach:1000:1020:AtoB,edge:nt-main:0:100:AtoB	True	edge:nt-approach:1000:1020,edge:nt-main:0:100,edge:nt-main:100:380	81	True	73.4785	False	False	True	True	True	21T-1RT:missing;21T-2RT:proceed=False,path=True,locked=True,cancel=False;1RT-22T:missing;2RT-22T:missing	nt-approach	822.3409	edge:nt-approach:0:1000	822.2473	edge:nt-approach:0:1000	822.4394	edge:nt-approach:0:1000:AtoB	True	True	73.52592
6619	99.2849977808073	12.80916	nt-approach	1002.533	edge:nt-approach:1000:1020	2.43122	edge:nt-approach:1000:1020	2.623357	AtoB	True	True	True	True	True	43299.2699977811	edge:nt-approach:1000:1020:AtoB,edge:nt-main:0:100:AtoB	True	edge:nt-approach:1000:1020,edge:nt-main:0:100,edge:nt-main:100:380	81	True	73.45477	False	False	True	True	True	21T-1RT:missing;21T-2RT:proceed=False,path=True,locked=True,cancel=False;1RT-22T:missing;2RT-22T:missing	nt-approach	822.5331	edge:nt-approach:0:1000	822.4394	edge:nt-approach:0:1000	822.6315	edge:nt-approach:0:1000:AtoB	True	True	73.52592
6620	99.299997780472	12.81102	nt-approach	1002.725	edge:nt-approach:1000:1020	2.623357	edge:nt-approach:1000:1020	2.815523	AtoB	True	True	True	True	True	43299.2849977808	edge:nt-approach:1000:1020:AtoB,edge:nt-main:0:100:AtoB	True	edge:nt-approach:1000:1020,edge:nt-main:0:100,edge:nt-main:100:380	81	True	73.43104	False	False	True	True	True	21T-1RT:missing;21T-2RT:proceed=False,path=True,locked=True,cancel=False;1RT-22T:missing;2RT-22T:missing	nt-approach	822.7252	edge:nt-approach:0:1000	822.6315	edge:nt-approach:0:1000	822.8237	edge:nt-approach:0:1000:AtoB	True	True	73.52592
6621	99.3149977801368	12.81289	nt-approach	1002.917	edge:nt-approach:1000:1020	2.815523	edge:nt-approach:1000:1020	3.007716	AtoB	True	True	True	True	True	43299.2999977805	edge:nt-approach:1000:1020:AtoB,edge:nt-main:0:100:AtoB	True	edge:nt-approach:1000:1020,edge:nt-main:0:100,edge:nt-main:100:380	81	True	73.4073	False	False	True	True	True	21T-1RT:missing;21T-2RT:proceed=False,path=True,locked=True,cancel=False;1RT-22T:missing;2RT-22T:missing	nt-approach	822.9174	edge:nt-approach:0:1000	822.8237	edge:nt-approach:0:1000	823.0159	edge:nt-approach:0:1000:AtoB	True	True	73.52592
6622	99.3299977798015	12.81475	nt-approach	1003.11	edge:nt-approach:1000:1020	3.007716	edge:nt-approach:1000:1020	3.199937	AtoB	True	True	True	True	True	43299.3149977801	edge:nt-approach:1000:1020:AtoB,edge:nt-main:0:100:AtoB	True	edge:nt-approach:1000:1020,edge:nt-main:0:100,edge:nt-main:100:380	81	True	73.38354	False	False	True	True	True	21T-1RT:missing;21T-2RT:proceed=False,path=True,locked=True,cancel=False;1RT-22T:missing;2RT-22T:missing	nt-approach	823.1096	edge:nt-approach:0:1000	823.0159	edge:nt-approach:0:1000	823.2081	edge:nt-approach:0:1000:AtoB	True	True	73.52592
6623	99.3449977794662	12.81661	nt-approach	1003.302	edge:nt-approach:1000:1020	3.199937	edge:nt-approach:1000:1020	3.392186	AtoB	True	True	True	True	True	43299.3299977798	edge:nt-approach:1000:1020:AtoB,edge:nt-main:0:100:AtoB	True	edge:nt-approach:1000:1020,edge:nt-main:0:100,edge:nt-main:100:380	81	True	73.35976	False	False	True	True	True	21T-1RT:missing;21T-2RT:proceed=False,path=True,locked=True,cancel=False;1RT-22T:missing;2RT-22T:missing	nt-approach	823.3019	edge:nt-approach:0:1000	823.2081	edge:nt-approach:0:1000	823.4003	edge:nt-approach:0:1000:AtoB	True	True	73.52592
6624	99.3599977791309	12.81847	nt-approach	1003.494	edge:nt-approach:1000:1020	3.392186	edge:nt-approach:1000:1020	3.584463	AtoB	True	True	True	True	True	43299.3449977795	edge:nt-approach:1000:1020:AtoB,edge:nt-main:0:100:AtoB	True	edge:nt-approach:1000:1020,edge:nt-main:0:100,edge:nt-main:100:380	81	True	73.33598	False	False	True	True	True	21T-1RT:missing;21T-2RT:proceed=False,path=True,locked=True,cancel=False;1RT-22T:missing;2RT-22T:missing	nt-approach	823.4941	edge:nt-approach:0:1000	823.4003	edge:nt-approach:0:1000	823.5926	edge:nt-approach:0:1000:AtoB	True	True	73.52592
6625	99.3749977787957	12.82033	nt-approach	1003.686	edge:nt-approach:1000:1020	3.584463	edge:nt-approach:1000:1020	3.776768	AtoB	True	True	True	True	True	43299.3599977791	edge:nt-approach:1000:1020:AtoB,edge:nt-main:0:100:AtoB	True	edge:nt-approach:1000:1020,edge:nt-main:0:100,edge:nt-main:100:380	81	True	73.31219	False	False	True	True	True	21T-1RT:missing;21T-2RT:proceed=False,path=True,locked=True,cancel=False;1RT-22T:missing;2RT-22T:missing	nt-approach	823.6864	edge:nt-approach:0:1000	823.5926	edge:nt-approach:0:1000	823.7849	edge:nt-approach:0:1000:AtoB	True	True	73.52592
6626	99.3899977784604	12.82219	nt-approach	1003.879	edge:nt-approach:1000:1020	3.776768	edge:nt-approach:1000:1020	3.969101	AtoB	True	True	True	True	True	43299.3749977788	edge:nt-approach:1000:1020:AtoB,edge:nt-main:0:100:AtoB	True	edge:nt-approach:1000:1020,edge:nt-main:0:100,edge:nt-main:100:380	81	True	73.28838	False	False	True	True	True	21T-1RT:missing;21T-2RT:proceed=False,path=True,locked=True,cancel=False;1RT-22T:missing;2RT-22T:missing	nt-approach	823.8787	edge:nt-approach:0:1000	823.7849	edge:nt-approach:0:1000	823.9772	edge:nt-approach:0:1000:AtoB	True	True	73.52592
6627	99.4049977781251	12.82405	nt-approach	1004.071	edge:nt-approach:1000:1020	3.969101	edge:nt-approach:1000:1020	4.161462	AtoB	True	True	True	True	True	43299.3899977785	edge:nt-approach:1000:1020:AtoB,edge:nt-main:0:100:AtoB	True	edge:nt-approach:1000:1020,edge:nt-main:0:100,edge:nt-main:100:380	81	True	73.26456	False	False	True	True	True	21T-1RT:missing;21T-2RT:proceed=False,path=True,locked=True,cancel=False;1RT-22T:missing;2RT-22T:missing	nt-approach	824.071	edge:nt-approach:0:1000	823.9772	edge:nt-approach:0:1000	824.1696	edge:nt-approach:0:1000:AtoB	True	True	73.52592
6628	99.4199977777898	12.82592	nt-approach	1004.263	edge:nt-approach:1000:1020	4.161462	edge:nt-approach:1000:1020	4.35385	AtoB	True	True	True	True	True	43299.4049977781	edge:nt-approach:1000:1020:AtoB,edge:nt-main:0:100:AtoB	True	edge:nt-approach:1000:1020,edge:nt-main:0:100,edge:nt-main:100:380	81	True	73.24074	False	False	True	True	True	21T-1RT:missing;21T-2RT:proceed=False,path=True,locked=True,cancel=False;1RT-22T:missing;2RT-22T:missing	nt-approach	824.2634	edge:nt-approach:0:1000	824.1696	edge:nt-approach:0:1000	824.362	edge:nt-approach:0:1000:AtoB	True	True	73.52592
6629	99.4349977774546	12.82778	nt-approach	1004.456	edge:nt-approach:1000:1020	4.35385	edge:nt-approach:1000:1020	4.546267	AtoB	True	True	True	True	True	43299.4199977778	edge:nt-approach:1000:1020:AtoB,edge:nt-main:0:100:AtoB	True	edge:nt-approach:1000:1020,edge:nt-main:0:100,edge:nt-main:100:380	81	True	73.2169	False	False	True	True	True	21T-1RT:missing;21T-2RT:proceed=False,path=True,locked=True,cancel=False;1RT-22T:missing;2RT-22T:missing	nt-approach	824.4558	edge:nt-approach:0:1000	824.362	edge:nt-approach:0:1000	824.5544	edge:nt-approach:0:1000:AtoB	True	True	73.52592
6630	99.4499977771193	12.82964	nt-approach	1004.648	edge:nt-approach:1000:1020	4.546267	edge:nt-approach:1000:1020	4.738712	AtoB	True	True	True	True	True	43299.4349977775	edge:nt-approach:1000:1020:AtoB,edge:nt-main:0:100:AtoB	True	edge:nt-approach:1000:1020,edge:nt-main:0:100,edge:nt-main:100:380	81	True	73.19306	False	False	True	True	True	21T-1RT:missing;21T-2RT:proceed=False,path=True,locked=True,cancel=False;1RT-22T:missing;2RT-22T:missing	nt-approach	824.6483	edge:nt-approach:0:1000	824.5544	edge:nt-approach:0:1000	824.7469	edge:nt-approach:0:1000:AtoB	True	True	73.52592
6631	99.464997776784	12.8315	nt-approach	1004.841	edge:nt-approach:1000:1020	4.738712	edge:nt-approach:1000:1020	4.931184	AtoB	True	True	True	True	True	43299.4499977771	edge:nt-approach:1000:1020:AtoB,edge:nt-main:0:100:AtoB	True	edge:nt-approach:1000:1020,edge:nt-main:0:100,edge:nt-main:100:380	81	True	73.1692	False	False	True	True	True	21T-1RT:missing;21T-2RT:proceed=False,path=True,locked=True,cancel=False;1RT-22T:missing;2RT-22T:missing	nt-approach	824.8407	edge:nt-approach:0:1000	824.7469	edge:nt-approach:0:1000	824.9393	edge:nt-approach:0:1000:AtoB	True	True	73.52592
6632	99.4799977764487	12.83336	nt-approach	1005.033	edge:nt-approach:1000:1020	4.931184	edge:nt-approach:1000:1020	5.123685	AtoB	True	True	True	True	True	43299.4649977768	edge:nt-approach:1000:1020:AtoB,edge:nt-main:0:100:AtoB	True	edge:nt-approach:1000:1020,edge:nt-main:0:100,edge:nt-main:100:380	81	True	73.14532	False	False	True	True	True	21T-1RT:missing;21T-2RT:proceed=False,path=True,locked=True,cancel=False;1RT-22T:missing;2RT-22T:missing	nt-approach	825.0332	edge:nt-approach:0:1000	824.9393	edge:nt-approach:0:1000	825.1318	edge:nt-approach:0:1000:AtoB	True	True	73.52592
6633	99.4949977761135	12.83522	nt-approach	1005.226	edge:nt-approach:1000:1020	5.123685	edge:nt-approach:1000:1020	5.316213	AtoB	True	True	True	True	True	43299.4799977764	edge:nt-approach:1000:1020:AtoB,edge:nt-main:0:100:AtoB	True	edge:nt-approach:1000:1020,edge:nt-main:0:100,edge:nt-main:100:380	81	True	73.12144	False	False	True	True	True	21T-1RT:missing;21T-2RT:proceed=False,path=True,locked=True,cancel=False;1RT-22T:missing;2RT-22T:missing	nt-approach	825.2257	edge:nt-approach:0:1000	825.1318	edge:nt-approach:0:1000	825.3243	edge:nt-approach:0:1000:AtoB	True	True	73.52592
6634	99.5099977757782	12.83709	nt-approach	1005.418	edge:nt-approach:1000:1020	5.316213	edge:nt-approach:1000:1020	5.50877	AtoB	True	True	True	True	True	43299.4949977761	edge:nt-approach:1000:1020:AtoB,edge:nt-main:0:100:AtoB	True	edge:nt-approach:1000:1020,edge:nt-main:0:100,edge:nt-main:100:380	81	True	73.09755	False	False	True	True	True	21T-1RT:missing;21T-2RT:proceed=False,path=True,locked=True,cancel=False;1RT-22T:missing;2RT-22T:missing	nt-approach	825.4183	edge:nt-approach:0:1000	825.3243	edge:nt-approach:0:1000	825.5169	edge:nt-approach:0:1000:AtoB	True	True	73.12144
6635	99.5249977754429	12.83895	nt-approach	1005.611	edge:nt-approach:1000:1020	5.50877	edge:nt-approach:1000:1020	5.701354	AtoB	True	True	True	True	True	43299.5099977758	edge:nt-approach:1000:1020:AtoB,edge:nt-main:0:100:AtoB	True	edge:nt-approach:1000:1020,edge:nt-main:0:100,edge:nt-main:100:380	81	True	73.07365	False	False	True	True	True	21T-1RT:missing;21T-2RT:proceed=False,path=True,locked=True,cancel=False;1RT-22T:missing;2RT-22T:missing	nt-approach	825.6108	edge:nt-approach:0:1000	825.5169	edge:nt-approach:0:1000	825.7095	edge:nt-approach:0:1000:AtoB	True	True	73.12144
6636	99.5399977751076	12.84081	nt-approach	1005.803	edge:nt-approach:1000:1020	5.701354	edge:nt-approach:1000:1020	5.893966	AtoB	True	True	True	True	True	43299.5249977754	edge:nt-approach:1000:1020:AtoB,edge:nt-main:0:100:AtoB	True	edge:nt-approach:1000:1020,edge:nt-main:0:100,edge:nt-main:100:380	81	True	73.04973	False	False	True	True	True	21T-1RT:missing;21T-2RT:proceed=False,path=True,locked=True,cancel=False;1RT-22T:missing;2RT-22T:missing	nt-approach	825.8035	edge:nt-approach:0:1000	825.7095	edge:nt-approach:0:1000	825.9021	edge:nt-approach:0:1000:AtoB	True	True	73.12144
6637	99.5549977747723	12.84267	nt-approach	1005.996	edge:nt-approach:1000:1020	5.893966	edge:nt-approach:1000:1020	6.086606	AtoB	True	True	True	True	True	43299.5399977751	edge:nt-approach:1000:1020:AtoB,edge:nt-main:0:100:AtoB	True	edge:nt-approach:1000:1020,edge:nt-main:0:100,edge:nt-main:100:380	81	True	73.02579	False	False	True	True	True	21T-1RT:missing;21T-2RT:proceed=False,path=True,locked=True,cancel=False;1RT-22T:missing;2RT-22T:missing	nt-approach	825.9961	edge:nt-approach:0:1000	825.9021	edge:nt-approach:0:1000	826.0947	edge:nt-approach:0:1000:AtoB	True	True	73.12144
6638	99.5699977744371	12.84453	nt-approach	1006.189	edge:nt-approach:1000:1020	6.086606	edge:nt-approach:1000:1020	6.279274	AtoB	True	True	True	True	True	43299.5549977748	edge:nt-approach:1000:1020:AtoB,edge:nt-main:0:100:AtoB	True	edge:nt-approach:1000:1020,edge:nt-main:0:100,edge:nt-main:100:380	81	True	73.00185	False	False	True	True	True	21T-1RT:missing;21T-2RT:proceed=False,path=True,locked=True,cancel=False;1RT-22T:missing;2RT-22T:missing	nt-approach	826.1887	edge:nt-approach:0:1000	826.0947	edge:nt-approach:0:1000	826.2874	edge:nt-approach:0:1000:AtoB	True	True	73.12144
6639	99.5849977741018	12.84639	nt-approach	1006.381	edge:nt-approach:1000:1020	6.279274	edge:nt-approach:1000:1020	6.47197	AtoB	True	True	True	True	True	43299.5699977744	edge:nt-approach:1000:1020:AtoB,edge:nt-main:0:100:AtoB	True	edge:nt-approach:1000:1020,edge:nt-main:0:100,edge:nt-main:100:380	81	True	72.97791	False	False	True	True	True	21T-1RT:missing;21T-2RT:proceed=False,path=True,locked=True,cancel=False;1RT-22T:missing;2RT-22T:missing	nt-approach	826.3814	edge:nt-approach:0:1000	826.2874	edge:nt-approach:0:1000	826.4801	edge:nt-approach:0:1000:AtoB	True	True	73.12144
6640	99.5999977737665	12.84826	nt-approach	1006.574	edge:nt-approach:1000:1020	6.47197	edge:nt-approach:1000:1020	6.664693	AtoB	True	True	True	True	True	43299.5849977741	edge:nt-approach:1000:1020:AtoB,edge:nt-main:0:100:AtoB	True	edge:nt-approach:1000:1020,edge:nt-main:0:100,edge:nt-main:100:380	81	True	72.95395	False	False	True	True	True	21T-1RT:missing;21T-2RT:proceed=False,path=True,locked=True,cancel=False;1RT-22T:missing;2RT-22T:missing	nt-approach	826.5741	edge:nt-approach:0:1000	826.4801	edge:nt-approach:0:1000	826.6729	edge:nt-approach:0:1000:AtoB	True	True	73.12144
6641	99.6149977734312	12.85012	nt-approach	1006.767	edge:nt-approach:1000:1020	6.664693	edge:nt-approach:1000:1020	6.857445	AtoB	True	True	True	True	True	43299.5999977738	edge:nt-approach:1000:1020:AtoB,edge:nt-main:0:100:AtoB	True	edge:nt-approach:1000:1020,edge:nt-main:0:100,edge:nt-main:100:380	81	True	72.92997	False	False	True	True	True	21T-1RT:missing;21T-2RT:proceed=False,path=True,locked=True,cancel=False;1RT-22T:missing;2RT-22T:missing	nt-approach	826.7668	edge:nt-approach:0:1000	826.6729	edge:nt-approach:0:1000	826.8656	edge:nt-approach:0:1000:AtoB	True	True	73.12144
6642	99.629997773096	12.85198	nt-approach	1006.96	edge:nt-approach:1000:1020	6.857445	edge:nt-approach:1000:1020	7.050225	AtoB	True	True	True	True	True	43299.6149977734	edge:nt-approach:1000:1020:AtoB,edge:nt-main:0:100:AtoB	True	edge:nt-approach:1000:1020,edge:nt-main:0:100,edge:nt-main:100:380	81	True	72.90598	False	False	True	True	True	21T-1RT:missing;21T-2RT:proceed=False,path=True,locked=True,cancel=False;1RT-22T:missing;2RT-22T:missing	nt-approach	826.9596	edge:nt-approach:0:1000	826.8656	edge:nt-approach:0:1000	827.0584	edge:nt-approach:0:1000:AtoB	True	True	73.12144
6643	99.6449977727607	12.85384	nt-approach	1007.152	edge:nt-approach:1000:1020	7.050225	edge:nt-approach:1000:1020	7.243032	AtoB	True	True	True	True	True	43299.6299977731	edge:nt-approach:1000:1020:AtoB,edge:nt-main:0:100:AtoB	True	edge:nt-approach:1000:1020,edge:nt-main:0:100,edge:nt-main:100:380	81	True	72.882	False	False	True	True	True	21T-1RT:missing;21T-2RT:proceed=False,path=True,locked=True,cancel=False;1RT-22T:missing;2RT-22T:missing	nt-approach	827.1524	edge:nt-approach:0:1000	827.0584	edge:nt-approach:0:1000	827.2512	edge:nt-approach:0:1000:AtoB	True	True	73.12144
6644	99.6599977724254	12.8557	nt-approach	1007.345	edge:nt-approach:1000:1020	7.243032	edge:nt-approach:1000:1020	7.435868	AtoB	True	True	True	True	True	43299.6449977728	edge:nt-approach:1000:1020:AtoB,edge:nt-main:0:100:AtoB	True	edge:nt-approach:1000:1020,edge:nt-main:0:100,edge:nt-main:100:380	81	True	72.85798	False	False	True	True	True	21T-1RT:missing;21T-2RT:proceed=False,path=True,locked=True,cancel=False;1RT-22T:missing;2RT-22T:missing	nt-approach	827.3452	edge:nt-approach:0:1000	827.2512	edge:nt-approach:0:1000	827.444	edge:nt-approach:0:1000:AtoB	True	True	73.12144
6645	99.6749977720901	12.85756	nt-approach	1007.538	edge:nt-approach:1000:1020	7.435868	edge:nt-approach:1000:1020	7.628731	AtoB	True	True	True	True	True	43299.6599977724	edge:nt-approach:1000:1020:AtoB,edge:nt-main:0:100:AtoB	True	edge:nt-approach:1000:1020,edge:nt-main:0:100,edge:nt-main:100:380	81	True	72.83396	False	False	True	True	True	21T-1RT:missing;21T-2RT:proceed=False,path=True,locked=True,cancel=False;1RT-22T:missing;2RT-22T:missing	nt-approach	827.5381	edge:nt-approach:0:1000	827.444	edge:nt-approach:0:1000	827.6369	edge:nt-approach:0:1000:AtoB	True	True	73.12144
6646	99.6899977717549	12.85942	nt-approach	1007.731	edge:nt-approach:1000:1020	7.628731	edge:nt-approach:1000:1020	7.821623	AtoB	True	True	True	True	True	43299.6749977721	edge:nt-approach:1000:1020:AtoB,edge:nt-main:0:100:AtoB	True	edge:nt-approach:1000:1020,edge:nt-main:0:100,edge:nt-main:100:380	81	True	72.80994	False	False	True	True	True	21T-1RT:missing;21T-2RT:proceed=False,path=True,locked=True,cancel=False;1RT-22T:missing;2RT-22T:missing	nt-approach	827.731	edge:nt-approach:0:1000	827.6369	edge:nt-approach:0:1000	827.8298	edge:nt-approach:0:1000:AtoB	True	True	73.12144
6647	99.7049977714196	12.86115	nt-approach	1007.924	edge:nt-approach:1000:1020	7.821623	edge:nt-approach:1000:1020	8.01454	AtoB	True	True	True	True	True	43299.6899977718	edge:nt-approach:1000:1020:AtoB,edge:nt-main:0:100:AtoB	True	edge:nt-approach:1000:1020,edge:nt-main:0:100,edge:nt-main:100:380	81	True	72.7859	False	False	True	True	True	21T-1RT:missing;21T-2RT:proceed=False,path=True,locked=True,cancel=False;1RT-22T:missing;2RT-22T:missing	nt-approach	827.9239	edge:nt-approach:0:1000	827.8298	edge:nt-approach:0:1000	828.0227	edge:nt-approach:0:1000:AtoB	True	True	73.12144
6648	99.7199977710843	12.86288	nt-approach	1008.117	edge:nt-approach:1000:1020	8.01454	edge:nt-approach:1000:1020	8.207483	AtoB	True	True	True	True	True	43299.7049977714	edge:nt-approach:1000:1020:AtoB,edge:nt-main:0:100:AtoB	True	edge:nt-approach:1000:1020,edge:nt-main:0:100,edge:nt-main:100:380	81	True	72.76185	False	False	True	True	True	21T-1RT:missing;21T-2RT:proceed=False,path=True,locked=True,cancel=False;1RT-22T:missing;2RT-22T:missing	nt-approach	828.1168	edge:nt-approach:0:1000	828.0227	edge:nt-approach:0:1000	828.2156	edge:nt-approach:0:1000:AtoB	True	True	73.12144
6649	99.734997770749	12.86461	nt-approach	1008.31	edge:nt-approach:1000:1020	8.207483	edge:nt-approach:1000:1020	8.400453	AtoB	True	True	True	True	True	43299.7199977711	edge:nt-approach:1000:1020:AtoB,edge:nt-main:0:100:AtoB	True	edge:nt-approach:1000:1020,edge:nt-main:0:100,edge:nt-main:100:380	81	True	72.73778	False	False	True	True	True	21T-1RT:missing;21T-2RT:proceed=False,path=True,locked=True,cancel=False;1RT-22T:missing;2RT-22T:missing	nt-approach	828.3098	edge:nt-approach:0:1000	828.2156	edge:nt-approach:0:1000	828.4086	edge:nt-approach:0:1000:AtoB	True	True	73.12144
6650	99.7499977704138	12.86633	nt-approach	1008.503	edge:nt-approach:1000:1020	8.400453	edge:nt-approach:1000:1020	8.593448	AtoB	True	True	True	True	True	43299.7349977707	edge:nt-approach:1000:1020:AtoB,edge:nt-main:0:100:AtoB	True	edge:nt-approach:1000:1020,edge:nt-main:0:100,edge:nt-main:100:380	81	True	72.71371	False	False	True	True	True	21T-1RT:missing;21T-2RT:proceed=False,path=True,locked=True,cancel=False;1RT-22T:missing;2RT-22T:missing	nt-approach	828.5027	edge:nt-approach:0:1000	828.4086	edge:nt-approach:0:1000	828.6016	edge:nt-approach:0:1000:AtoB	True	True	72.73778
6651	99.7649977700785	12.86806	nt-approach	1008.696	edge:nt-approach:1000:1020	8.593448	edge:nt-approach:1000:1020	8.786469	AtoB	True	True	True	True	True	43299.7499977704	edge:nt-approach:1000:1020:AtoB,edge:nt-main:0:100:AtoB	True	edge:nt-approach:1000:1020,edge:nt-main:0:100,edge:nt-main:100:380	81	True	72.68961	False	False	True	True	True	21T-1RT:missing;21T-2RT:proceed=False,path=True,locked=True,cancel=False;1RT-22T:missing;2RT-22T:missing	nt-approach	828.6957	edge:nt-approach:0:1000	828.6016	edge:nt-approach:0:1000	828.7946	edge:nt-approach:0:1000:AtoB	True	True	72.73778
6652	99.7799977697432	12.86979	nt-approach	1008.889	edge:nt-approach:1000:1020	8.786469	edge:nt-approach:1000:1020	8.979515	AtoB	True	True	True	True	True	43299.7649977701	edge:nt-approach:1000:1020:AtoB,edge:nt-main:0:100:AtoB	True	edge:nt-approach:1000:1020,edge:nt-main:0:100,edge:nt-main:100:380	81	True	72.66552	False	False	True	True	True	21T-1RT:missing;21T-2RT:proceed=False,path=True,locked=True,cancel=False;1RT-22T:missing;2RT-22T:missing	nt-approach	828.8888	edge:nt-approach:0:1000	828.7946	edge:nt-approach:0:1000	828.9877	edge:nt-approach:0:1000:AtoB	True	True	72.73778
6653	99.7949977694079	12.87151	nt-approach	1009.082	edge:nt-approach:1000:1020	8.979515	edge:nt-approach:1000:1020	9.172587	AtoB	True	True	True	True	True	43299.7799977697	edge:nt-approach:1000:1020:AtoB,edge:nt-main:0:100:AtoB	True	edge:nt-approach:1000:1020,edge:nt-main:0:100,edge:nt-main:100:380	81	True	72.64141	False	False	True	True	True	21T-1RT:missing;21T-2RT:proceed=False,path=True,locked=True,cancel=False;1RT-22T:missing;2RT-22T:missing	nt-approach	829.0818	edge:nt-approach:0:1000	828.9877	edge:nt-approach:0:1000	829.1807	edge:nt-approach:0:1000:AtoB	True	True	72.73778
6654	99.8099977690727	12.87324	nt-approach	1009.275	edge:nt-approach:1000:1020	9.172587	edge:nt-approach:1000:1020	9.365686	AtoB	True	True	True	True	True	43299.7949977694	edge:nt-approach:1000:1020:AtoB,edge:nt-main:0:100:AtoB	True	edge:nt-approach:1000:1020,edge:nt-main:0:100,edge:nt-main:100:380	81	True	72.61729	False	False	True	True	True	21T-1RT:missing;21T-2RT:proceed=False,path=True,locked=True,cancel=False;1RT-22T:missing;2RT-22T:missing	nt-approach	829.275	edge:nt-approach:0:1000	829.1807	edge:nt-approach:0:1000	829.3738	edge:nt-approach:0:1000:AtoB	True	True	72.73778
6655	99.8249977687374	12.87497	nt-approach	1009.468	edge:nt-approach:1000:1020	9.365686	edge:nt-approach:1000:1020	9.558811	AtoB	True	True	True	True	True	43299.8099977691	edge:nt-approach:1000:1020:AtoB,edge:nt-main:0:100:AtoB	True	edge:nt-approach:1000:1020,edge:nt-main:0:100,edge:nt-main:100:380	81	True	72.59316	False	False	True	True	True	21T-1RT:missing;21T-2RT:proceed=False,path=True,locked=True,cancel=False;1RT-22T:missing;2RT-22T:missing	nt-approach	829.4681	edge:nt-approach:0:1000	829.3738	edge:nt-approach:0:1000	829.567	edge:nt-approach:0:1000:AtoB	True	True	72.73778
6656	99.8399977684021	12.8767	nt-approach	1009.661	edge:nt-approach:1000:1020	9.558811	edge:nt-approach:1000:1020	9.751962	AtoB	True	True	True	True	True	43299.8249977687	edge:nt-approach:1000:1020:AtoB,edge:nt-main:0:100:AtoB	True	edge:nt-approach:1000:1020,edge:nt-main:0:100,edge:nt-main:100:380	81	True	72.56902	False	False	True	True	True	21T-1RT:missing;21T-2RT:proceed=False,path=True,locked=True,cancel=False;1RT-22T:missing;2RT-22T:missing	nt-approach	829.6612	edge:nt-approach:0:1000	829.567	edge:nt-approach:0:1000	829.7601	edge:nt-approach:0:1000:AtoB	True	True	72.73778
6657	99.8549977680668	12.87842	nt-approach	1009.854	edge:nt-approach:1000:1020	9.751962	edge:nt-approach:1000:1020	9.945138	AtoB	True	True	True	True	True	43299.8399977684	edge:nt-approach:1000:1020:AtoB,edge:nt-main:0:100:AtoB	True	edge:nt-approach:1000:1020,edge:nt-main:0:100,edge:nt-main:100:380	81	True	72.54487	False	False	True	True	True	21T-1RT:missing;21T-2RT:proceed=False,path=True,locked=True,cancel=False;1RT-22T:missing;2RT-22T:missing	nt-approach	829.8544	edge:nt-approach:0:1000	829.7601	edge:nt-approach:0:1000	829.9533	edge:nt-approach:0:1000:AtoB	True	True	72.73778
6658	99.8699977677315	12.88015	nt-approach	1010.048	edge:nt-approach:1000:1020	9.945138	edge:nt-approach:1000:1020	10.13834	AtoB	True	True	True	True	True	43299.8549977681	edge:nt-approach:1000:1020:AtoB,edge:nt-main:0:100:AtoB	True	edge:nt-approach:1000:1020,edge:nt-main:0:100,edge:nt-main:100:380	81	True	72.5207	False	False	True	True	True	21T-1RT:missing;21T-2RT:proceed=False,path=True,locked=True,cancel=False;1RT-22T:missing;2RT-22T:missing	nt-approach	830.0475	edge:nt-approach:0:1000	829.9533	edge:nt-approach:0:1000	830.1465	edge:nt-approach:0:1000:AtoB	True	True	72.73778
6659	99.8849977673963	12.88188	nt-approach	1010.241	edge:nt-approach:1000:1020	10.13834	edge:nt-approach:1000:1020	10.33157	AtoB	True	True	True	True	True	43299.8699977677	edge:nt-approach:1000:1020:AtoB,edge:nt-main:0:100:AtoB	True	edge:nt-approach:1000:1020,edge:nt-main:0:100,edge:nt-main:100:380	81	True	72.49653	False	False	True	True	True	21T-1RT:missing;21T-2RT:proceed=False,path=True,locked=True,cancel=False;1RT-22T:missing;2RT-22T:missing	nt-approach	830.2408	edge:nt-approach:0:1000	830.1465	edge:nt-approach:0:1000	830.3397	edge:nt-approach:0:1000:AtoB	True	True	72.73778
6660	99.899997767061	12.8836	nt-approach	1010.434	edge:nt-approach:1000:1020	10.33157	edge:nt-approach:1000:1020	10.52482	AtoB	True	True	True	True	True	43299.8849977674	edge:nt-approach:1000:1020:AtoB,edge:nt-main:0:100:AtoB	True	edge:nt-approach:1000:1020,edge:nt-main:0:100,edge:nt-main:100:380	81	True	72.47234	False	False	True	True	True	21T-1RT:missing;21T-2RT:proceed=False,path=True,locked=True,cancel=False;1RT-22T:missing;2RT-22T:missing	nt-approach	830.434	edge:nt-approach:0:1000	830.3397	edge:nt-approach:0:1000	830.533	edge:nt-approach:0:1000:AtoB	True	True	72.73778
6661	99.9149977667257	12.88533	nt-approach	1010.627	edge:nt-approach:1000:1020	10.52482	edge:nt-approach:1000:1020	10.7181	AtoB	True	True	True	True	True	43299.8999977671	edge:nt-approach:1000:1020:AtoB,edge:nt-main:0:100:AtoB	True	edge:nt-approach:1000:1020,edge:nt-main:0:100,edge:nt-main:100:380	81	True	72.44814	False	False	True	True	True	21T-1RT:missing;21T-2RT:proceed=False,path=True,locked=True,cancel=False;1RT-22T:missing;2RT-22T:missing	nt-approach	830.6273	edge:nt-approach:0:1000	830.533	edge:nt-approach:0:1000	830.7263	edge:nt-approach:0:1000:AtoB	True	True	72.73778
6662	99.9299977663904	12.88706	nt-approach	1010.821	edge:nt-approach:1000:1020	10.7181	edge:nt-approach:1000:1020	10.91141	AtoB	True	True	True	True	True	43299.9149977667	edge:nt-approach:1000:1020:AtoB,edge:nt-main:0:100:AtoB	True	edge:nt-approach:1000:1020,edge:nt-main:0:100,edge:nt-main:100:380	81	True	72.42393	False	False	True	True	True	21T-1RT:missing;21T-2RT:proceed=False,path=True,locked=True,cancel=False;1RT-22T:missing;2RT-22T:missing	nt-approach	830.8206	edge:nt-approach:0:1000	830.7263	edge:nt-approach:0:1000	830.9196	edge:nt-approach:0:1000:AtoB	True	True	72.73778
6663	99.9449977660552	12.88879	nt-approach	1011.014	edge:nt-approach:1000:1020	10.91141	edge:nt-approach:1000:1020	11.10474	AtoB	True	True	True	True	True	43299.9299977664	edge:nt-approach:1000:1020:AtoB,edge:nt-main:0:100:AtoB	True	edge:nt-approach:1000:1020,edge:nt-main:0:100,edge:nt-main:100:380	81	True	72.39971	False	False	True	True	True	21T-1RT:missing;21T-2RT:proceed=False,path=True,locked=True,cancel=False;1RT-22T:missing;2RT-22T:missing	nt-approach	831.0139	edge:nt-approach:0:1000	830.9196	edge:nt-approach:0:1000	831.1129	edge:nt-approach:0:1000:AtoB	True	True	72.73778
6664	99.9599977657199	12.89051	nt-approach	1011.207	edge:nt-approach:1000:1020	11.10474	edge:nt-approach:1000:1020	11.2981	AtoB	True	True	True	True	True	43299.9449977661	edge:nt-approach:1000:1020:AtoB,edge:nt-main:0:100:AtoB	True	edge:nt-approach:1000:1020,edge:nt-main:0:100,edge:nt-main:100:380	81	True	72.37547	False	False	True	True	True	21T-1RT:missing;21T-2RT:proceed=False,path=True,locked=True,cancel=False;1RT-22T:missing;2RT-22T:missing	nt-approach	831.2072	edge:nt-approach:0:1000	831.1129	edge:nt-approach:0:1000	831.3063	edge:nt-approach:0:1000:AtoB	True	True	72.73778
6665	99.9749977653846	12.89224	nt-approach	1011.401	edge:nt-approach:1000:1020	11.2981	edge:nt-approach:1000:1020	11.49148	AtoB	True	True	True	True	True	43299.9599977657	edge:nt-approach:1000:1020:AtoB,edge:nt-main:0:100:AtoB	True	edge:nt-approach:1000:1020,edge:nt-main:0:100,edge:nt-main:100:380	81	True	72.35123	False	False	True	True	True	21T-1RT:missing;21T-2RT:proceed=False,path=True,locked=True,cancel=False;1RT-22T:missing;2RT-22T:missing	nt-approach	831.4006	edge:nt-approach:0:1000	831.3063	edge:nt-approach:0:1000	831.4996	edge:nt-approach:0:1000:AtoB	True	True	72.73778
6666	99.9899977650493	12.89396	nt-approach	1011.594	edge:nt-approach:1000:1020	11.49148	edge:nt-approach:1000:1020	11.68489	AtoB	True	True	True	True	True	43299.9749977654	edge:nt-approach:1000:1020:AtoB,edge:nt-main:0:100:AtoB	True	edge:nt-approach:1000:1020,edge:nt-main:0:100,edge:nt-main:100:380	81	True	72.32698	False	False	True	True	True	21T-1RT:missing;21T-2RT:proceed=False,path=True,locked=True,cancel=False;1RT-22T:missing;2RT-22T:missing	nt-approach	831.594	edge:nt-approach:0:1000	831.4996	edge:nt-approach:0:1000	831.6931	edge:nt-approach:0:1000:AtoB	True	True	72.73778
6667	100.004997764714	12.89569	nt-approach	1011.787	edge:nt-approach:1000:1020	11.68489	edge:nt-approach:1000:1020	11.87833	AtoB	True	True	True	True	True	43299.989997765	edge:nt-approach:1000:1020:AtoB,edge:nt-main:0:100:AtoB	True	edge:nt-approach:1000:1020,edge:nt-main:0:100,edge:nt-main:100:380	81	True	72.30271	False	False	True	True	True	21T-1RT:missing;21T-2RT:proceed=False,path=True,locked=True,cancel=False;1RT-22T:missing;2RT-22T:missing	nt-approach	831.7874	edge:nt-approach:0:1000	831.6931	edge:nt-approach:0:1000	831.8865	edge:nt-approach:0:1000:AtoB	True	True	72.32698
6668	100.019997764379	12.89742	nt-approach	1011.981	edge:nt-approach:1000:1020	11.87833	edge:nt-approach:1000:1020	12.07179	AtoB	True	True	True	True	True	43300.0049977647	edge:nt-approach:1000:1020:AtoB,edge:nt-main:0:100:AtoB	True	edge:nt-approach:1000:1020,edge:nt-main:0:100,edge:nt-main:100:380	81	True	72.27843	False	False	True	True	True	21T-1RT:missing;21T-2RT:proceed=False,path=True,locked=True,cancel=False;1RT-22T:missing;2RT-22T:missing	nt-approach	831.9808	edge:nt-approach:0:1000	831.8865	edge:nt-approach:0:1000	832.08	edge:nt-approach:0:1000:AtoB	True	True	72.32698
6669	100.034997764044	12.89914	nt-approach	1012.174	edge:nt-approach:1000:1020	12.07179	edge:nt-approach:1000:1020	12.26528	AtoB	True	True	True	True	True	43300.0199977644	edge:nt-approach:1000:1020:AtoB,edge:nt-main:0:100:AtoB	True	edge:nt-approach:1000:1020,edge:nt-main:0:100,edge:nt-main:100:380	81	True	72.25414	False	False	True	True	True	21T-1RT:missing;21T-2RT:proceed=False,path=True,locked=True,cancel=False;1RT-22T:missing;2RT-22T:missing	nt-approach	832.1743	edge:nt-approach:0:1000	832.08	edge:nt-approach:0:1000	832.2734	edge:nt-approach:0:1000:AtoB	True	True	72.32698
6670	100.049997763708	12.90087	nt-approach	1012.368	edge:nt-approach:1000:1020	12.26528	edge:nt-approach:1000:1020	12.45879	AtoB	True	True	True	True	True	43300.034997764	edge:nt-approach:1000:1020:AtoB,edge:nt-main:0:100:AtoB	True	edge:nt-approach:1000:1020,edge:nt-main:0:100,edge:nt-main:100:380	81	True	72.22984	False	False	True	True	True	21T-1RT:missing;21T-2RT:proceed=False,path=True,locked=True,cancel=False;1RT-22T:missing;2RT-22T:missing	nt-approach	832.3678	edge:nt-approach:0:1000	832.2734	edge:nt-approach:0:1000	832.467	edge:nt-approach:0:1000:AtoB	True	True	72.32698
6671	100.064997763373	12.9026	nt-approach	1012.561	edge:nt-approach:1000:1020	12.45879	edge:nt-approach:1000:1020	12.65233	AtoB	True	True	True	True	True	43300.0499977637	edge:nt-approach:1000:1020:AtoB,edge:nt-main:0:100:AtoB	True	edge:nt-approach:1000:1020,edge:nt-main:0:100,edge:nt-main:100:380	81	True	72.20553	False	False	True	True	True	21T-1RT:missing;21T-2RT:proceed=False,path=True,locked=True,cancel=False;1RT-22T:missing;2RT-22T:missing	nt-approach	832.5613	edge:nt-approach:0:1000	832.467	edge:nt-approach:0:1000	832.6605	edge:nt-approach:0:1000:AtoB	True	True	72.32698
6672	100.079997763038	12.90432	nt-approach	1012.755	edge:nt-approach:1000:1020	12.65233	edge:nt-approach:1000:1020	12.84589	AtoB	True	True	True	True	True	43300.0649977634	edge:nt-approach:1000:1020:AtoB,edge:nt-main:0:100:AtoB	True	edge:nt-approach:1000:1020,edge:nt-main:0:100,edge:nt-main:100:380	81	True	72.18121	False	False	True	True	True	21T-1RT:missing;21T-2RT:proceed=False,path=True,locked=True,cancel=False;1RT-22T:missing;2RT-22T:missing	nt-approach	832.7549	edge:nt-approach:0:1000	832.6605	edge:nt-approach:0:1000	832.8541	edge:nt-approach:0:1000:AtoB	True	True	72.32698
6673	100.094997762702	12.90605	nt-approach	1012.948	edge:nt-approach:1000:1020	12.84589	edge:nt-approach:1000:1020	13.03948	AtoB	True	True	True	True	True	43300.079997763	edge:nt-approach:1000:1020:AtoB,edge:nt-main:0:100:AtoB	True	edge:nt-approach:1000:1020,edge:nt-main:0:100,edge:nt-main:100:380	81	True	72.15687	False	False	True	True	True	21T-1RT:missing;21T-2RT:proceed=False,path=True,locked=True,cancel=False;1RT-22T:missing;2RT-22T:missing	nt-approach	832.9485	edge:nt-approach:0:1000	832.8541	edge:nt-approach:0:1000	833.0477	edge:nt-approach:0:1000:AtoB	True	True	72.32698
6674	100.109997762367	12.90777	nt-approach	1013.142	edge:nt-approach:1000:1020	13.03948	edge:nt-approach:1000:1020	13.2331	AtoB	True	True	True	True	True	43300.0949977627	edge:nt-approach:1000:1020:AtoB,edge:nt-main:0:100:AtoB	True	edge:nt-approach:1000:1020,edge:nt-main:0:100,edge:nt-main:100:380	81	True	72.13252	False	False	True	True	True	21T-1RT:missing;21T-2RT:proceed=False,path=True,locked=True,cancel=False;1RT-22T:missing;2RT-22T:missing	nt-approach	833.1421	edge:nt-approach:0:1000	833.0477	edge:nt-approach:0:1000	833.2413	edge:nt-approach:0:1000:AtoB	True	True	72.32698
6675	100.124997762032	12.9095	nt-approach	1013.336	edge:nt-approach:1000:1020	13.2331	edge:nt-approach:1000:1020	13.42674	AtoB	True	True	True	True	True	43300.1099977624	edge:nt-approach:1000:1020:AtoB,edge:nt-main:0:100:AtoB	True	edge:nt-approach:1000:1020,edge:nt-main:0:100,edge:nt-main:100:380	81	True	72.10816	False	False	True	True	True	21T-1RT:missing;21T-2RT:proceed=False,path=True,locked=True,cancel=False;1RT-22T:missing;2RT-22T:missing	nt-approach	833.3357	edge:nt-approach:0:1000	833.2413	edge:nt-approach:0:1000	833.4349	edge:nt-approach:0:1000:AtoB	True	True	72.32698
6676	100.139997761697	12.91123	nt-approach	1013.529	edge:nt-approach:1000:1020	13.42674	edge:nt-approach:1000:1020	13.62041	AtoB	True	True	True	True	True	43300.124997762	edge:nt-approach:1000:1020:AtoB,edge:nt-main:0:100:AtoB	True	edge:nt-approach:1000:1020,edge:nt-main:0:100,edge:nt-main:100:380	81	True	72.08379	False	False	True	True	True	21T-1RT:missing;21T-2RT:proceed=False,path=True,locked=True,cancel=False;1RT-22T:missing;2RT-22T:missing	nt-approach	833.5294	edge:nt-approach:0:1000	833.4349	edge:nt-approach:0:1000	833.6286	edge:nt-approach:0:1000:AtoB	True	True	72.32698
6677	100.154997761361	12.91295	nt-approach	1013.723	edge:nt-approach:1000:1020	13.62041	edge:nt-approach:1000:1020	13.8141	AtoB	True	True	True	True	True	43300.1399977617	edge:nt-approach:1000:1020:AtoB,edge:nt-main:0:100:AtoB	True	edge:nt-approach:1000:1020,edge:nt-main:0:100,edge:nt-main:100:380	81	True	72.05941	False	False	True	True	True	21T-1RT:missing;21T-2RT:proceed=False,path=True,locked=True,cancel=False;1RT-22T:missing;2RT-22T:missing	nt-approach	833.723	edge:nt-approach:0:1000	833.6286	edge:nt-approach:0:1000	833.8223	edge:nt-approach:0:1000:AtoB	True	True	72.32698
6678	100.169997761026	12.91468	nt-approach	1013.917	edge:nt-approach:1000:1020	13.8141	edge:nt-approach:1000:1020	14.00782	AtoB	True	True	True	True	True	43300.1549977614	edge:nt-approach:1000:1020:AtoB,edge:nt-main:0:100:AtoB	True	edge:nt-approach:1000:1020,edge:nt-main:0:100,edge:nt-main:100:380	81	True	72.03502	False	False	True	True	True	21T-1RT:missing;21T-2RT:proceed=False,path=True,locked=True,cancel=False;1RT-22T:missing;2RT-22T:missing	nt-approach	833.9167	edge:nt-approach:0:1000	833.8223	edge:nt-approach:0:1000	834.016	edge:nt-approach:0:1000:AtoB	True	True	72.32698
6679	100.184997760691	12.91641	nt-approach	1014.11	edge:nt-approach:1000:1020	14.00782	edge:nt-approach:1000:1020	14.20157	AtoB	True	True	True	True	True	43300.169997761	edge:nt-approach:1000:1020:AtoB,edge:nt-main:0:100:AtoB	True	edge:nt-approach:1000:1020,edge:nt-main:0:100,edge:nt-main:100:380	81	True	72.01061	False	False	True	True	True	21T-1RT:missing;21T-2RT:proceed=False,path=True,locked=True,cancel=False;1RT-22T:missing;2RT-22T:missing	nt-approach	834.1105	edge:nt-approach:0:1000	834.016	edge:nt-approach:0:1000	834.2097	edge:nt-approach:0:1000:AtoB	True	True	72.32698
6680	100.199997760355	12.91813	nt-approach	1014.304	edge:nt-approach:1000:1020	14.20157	edge:nt-approach:1000:1020	14.39534	AtoB	True	True	True	True	True	43300.1849977607	edge:nt-approach:1000:1020:AtoB,edge:nt-main:0:100:AtoB	True	edge:nt-approach:1000:1020,edge:nt-main:0:100,edge:nt-main:100:380	81	True	71.98621	False	False	True	True	True	21T-1RT:missing;21T-2RT:proceed=False,path=True,locked=True,cancel=False;1RT-22T:missing;2RT-22T:missing	nt-approach	834.3043	edge:nt-approach:0:1000	834.2097	edge:nt-approach:0:1000	834.4035	edge:nt-approach:0:1000:AtoB	True	True	72.32698
6681	100.21499776002	12.91986	nt-approach	1014.498	edge:nt-approach:1000:1020	14.39534	edge:nt-approach:1000:1020	14.58914	AtoB	True	True	True	True	True	43300.1999977604	edge:nt-approach:1000:1020:AtoB,edge:nt-main:0:100:AtoB	True	edge:nt-approach:1000:1020,edge:nt-main:0:100,edge:nt-main:100:380	81	True	71.96177	False	False	True	True	True	21T-1RT:missing;21T-2RT:proceed=False,path=True,locked=True,cancel=False;1RT-22T:missing;2RT-22T:missing	nt-approach	834.498	edge:nt-approach:0:1000	834.4035	edge:nt-approach:0:1000	834.5973	edge:nt-approach:0:1000:AtoB	True	True	72.32698
6682	100.229997759685	12.92158	nt-approach	1014.692	edge:nt-approach:1000:1020	14.58914	edge:nt-approach:1000:1020	14.78296	AtoB	True	True	True	True	True	43300.21499776	edge:nt-approach:1000:1020:AtoB,edge:nt-main:0:100:AtoB	True	edge:nt-approach:1000:1020,edge:nt-main:0:100,edge:nt-main:100:380	81	True	71.93733	False	False	True	True	True	21T-1RT:missing;21T-2RT:proceed=False,path=True,locked=True,cancel=False;1RT-22T:missing;2RT-22T:missing	nt-approach	834.6918	edge:nt-approach:0:1000	834.5973	edge:nt-approach:0:1000	834.7911	edge:nt-approach:0:1000:AtoB	True	True	72.32698
6683	100.24499775935	12.92331	nt-approach	1014.886	edge:nt-approach:1000:1020	14.78296	edge:nt-approach:1000:1020	14.97681	AtoB	True	True	True	True	True	43300.2299977597	edge:nt-approach:1000:1020:AtoB,edge:nt-main:0:100:AtoB	True	edge:nt-approach:1000:1020,edge:nt-main:0:100,edge:nt-main:100:380	81	True	71.91288	False	False	True	True	True	21T-1RT:missing;21T-2RT:proceed=False,path=True,locked=True,cancel=False;1RT-22T:missing;2RT-22T:missing	nt-approach	834.8857	edge:nt-approach:0:1000	834.7911	edge:nt-approach:0:1000	834.985	edge:nt-approach:0:1000:AtoB	True	True	72.32698
6684	100.259997759014	12.92504	nt-approach	1015.08	edge:nt-approach:1000:1020	14.97681	edge:nt-approach:1000:1020	15.17069	AtoB	True	True	True	True	True	43300.2449977593	edge:nt-approach:1000:1020:AtoB,edge:nt-main:0:100:AtoB	True	edge:nt-approach:1000:1020,edge:nt-main:0:100,edge:nt-main:100:380	81	True	71.88842	False	False	True	True	True	21T-1RT:missing;21T-2RT:proceed=False,path=True,locked=True,cancel=False;1RT-22T:missing;2RT-22T:missing	nt-approach	835.0795	edge:nt-approach:0:1000	834.985	edge:nt-approach:0:1000	835.1788	edge:nt-approach:0:1000:AtoB	True	True	71.91288
6685	100.274997758679	12.92676	nt-approach	1015.273	edge:nt-approach:1000:1020	15.17069	edge:nt-approach:1000:1020	15.36459	AtoB	True	True	True	True	True	43300.259997759	edge:nt-approach:1000:1020:AtoB,edge:nt-main:0:100:AtoB	True	edge:nt-approach:1000:1020,edge:nt-main:0:100,edge:nt-main:100:380	81	True	71.86395	False	False	True	True	True	21T-1RT:missing;21T-2RT:proceed=False,path=True,locked=True,cancel=False;1RT-22T:missing;2RT-22T:missing	nt-approach	835.2734	edge:nt-approach:0:1000	835.1788	edge:nt-approach:0:1000	835.3727	edge:nt-approach:0:1000:AtoB	True	True	71.91288
6686	100.289997758344	12.92849	nt-approach	1015.467	edge:nt-approach:1000:1020	15.36459	edge:nt-approach:1000:1020	15.55852	AtoB	True	True	True	True	True	43300.2749977587	edge:nt-approach:1000:1020:AtoB,edge:nt-main:0:100:AtoB	True	edge:nt-approach:1000:1020,edge:nt-main:0:100,edge:nt-main:100:380	81	True	71.83946	False	False	True	True	True	21T-1RT:missing;21T-2RT:proceed=False,path=True,locked=True,cancel=False;1RT-22T:missing;2RT-22T:missing	nt-approach	835.4673	edge:nt-approach:0:1000	835.3727	edge:nt-approach:0:1000	835.5667	edge:nt-approach:0:1000:AtoB	True	True	71.91288
6687	100.304997758009	12.93021	nt-approach	1015.661	edge:nt-approach:1000:1020	15.55852	edge:nt-approach:1000:1020	15.75247	AtoB	True	True	True	True	True	43300.2899977583	edge:nt-approach:1000:1020:AtoB,edge:nt-main:0:100:AtoB	True	edge:nt-approach:1000:1020,edge:nt-main:0:100,edge:nt-main:100:380	81	True	71.81496	False	False	True	True	True	21T-1RT:missing;21T-2RT:proceed=False,path=True,locked=True,cancel=False;1RT-22T:missing;2RT-22T:missing	nt-approach	835.6613	edge:nt-approach:0:1000	835.5667	edge:nt-approach:0:1000	835.7606	edge:nt-approach:0:1000:AtoB	True	True	71.91288
6688	100.319997757673	12.93194	nt-approach	1015.855	edge:nt-approach:1000:1020	15.75247	edge:nt-approach:1000:1020	15.94645	AtoB	True	True	True	True	True	43300.304997758	edge:nt-approach:1000:1020:AtoB,edge:nt-main:0:100:AtoB	True	edge:nt-approach:1000:1020,edge:nt-main:0:100,edge:nt-main:100:380	81	True	71.79045	False	False	True	True	True	21T-1RT:missing;21T-2RT:proceed=False,path=True,locked=True,cancel=False;1RT-22T:missing;2RT-22T:missing	nt-approach	835.8553	edge:nt-approach:0:1000	835.7606	edge:nt-approach:0:1000	835.9546	edge:nt-approach:0:1000:AtoB	True	True	71.91288
6689	100.334997757338	12.93367	nt-approach	1016.049	edge:nt-approach:1000:1020	15.94645	edge:nt-approach:1000:1020	16.14046	AtoB	True	True	True	True	True	43300.3199977577	edge:nt-approach:1000:1020:AtoB,edge:nt-main:0:100:AtoB	True	edge:nt-approach:1000:1020,edge:nt-main:0:100,edge:nt-main:100:380	81	True	71.76594	False	False	True	True	True	21T-1RT:missing;21T-2RT:proceed=False,path=True,locked=True,cancel=False;1RT-22T:missing;2RT-22T:missing	nt-approach	836.0493	edge:nt-approach:0:1000	835.9546	edge:nt-approach:0:1000	836.1486	edge:nt-approach:0:1000:AtoB	True	True	71.91288
6690	100.349997757003	12.93539	nt-approach	1016.243	edge:nt-approach:1000:1020	16.14046	edge:nt-approach:1000:1020	16.33449	AtoB	True	True	True	True	True	43300.3349977573	edge:nt-approach:1000:1020:AtoB,edge:nt-main:0:100:AtoB	True	edge:nt-approach:1000:1020,edge:nt-main:0:100,edge:nt-main:100:380	81	True	71.74141	False	False	True	True	True	21T-1RT:missing;21T-2RT:proceed=False,path=True,locked=True,cancel=False;1RT-22T:missing;2RT-22T:missing	nt-approach	836.2433	edge:nt-approach:0:1000	836.1486	edge:nt-approach:0:1000	836.3427	edge:nt-approach:0:1000:AtoB	True	True	71.91288
6691	100.364997756667	12.93712	nt-approach	1016.437	edge:nt-approach:1000:1020	16.33449	edge:nt-approach:1000:1020	16.52854	AtoB	True	True	True	True	True	43300.349997757	edge:nt-approach:1000:1020:AtoB,edge:nt-main:0:100:AtoB	True	edge:nt-approach:1000:1020,edge:nt-main:0:100,edge:nt-main:100:380	81	True	71.71686	False	False	True	True	True	21T-1RT:missing;21T-2RT:proceed=False,path=True,locked=True,cancel=False;1RT-22T:missing;2RT-22T:missing	nt-approach	836.4373	edge:nt-approach:0:1000	836.3427	edge:nt-approach:0:1000	836.5367	edge:nt-approach:0:1000:AtoB	True	True	71.91288
6692	100.379997756332	12.93885	nt-approach	1016.631	edge:nt-approach:1000:1020	16.52854	edge:nt-approach:1000:1020	16.72263	AtoB	True	True	True	True	True	43300.3649977567	edge:nt-approach:1000:1020:AtoB,edge:nt-main:0:100:AtoB	True	edge:nt-approach:1000:1020,edge:nt-main:0:100,edge:nt-main:100:380	81	True	71.69231	False	False	True	True	True	21T-1RT:missing;21T-2RT:proceed=False,path=True,locked=True,cancel=False;1RT-22T:missing;2RT-22T:missing	nt-approach	836.6314	edge:nt-approach:0:1000	836.5367	edge:nt-approach:0:1000	836.7308	edge:nt-approach:0:1000:AtoB	True	True	71.91288
6693	100.394997755997	12.94057	nt-approach	1016.826	edge:nt-approach:1000:1020	16.72263	edge:nt-approach:1000:1020	16.91673	AtoB	True	True	True	True	True	43300.3799977563	edge:nt-approach:1000:1020:AtoB,edge:nt-main:0:100:AtoB	True	edge:nt-approach:1000:1020,edge:nt-main:0:100,edge:nt-main:100:380	81	True	71.66774	False	False	True	True	True	21T-1RT:missing;21T-2RT:proceed=False,path=True,locked=True,cancel=False;1RT-22T:missing;2RT-22T:missing	nt-approach	836.8255	edge:nt-approach:0:1000	836.7308	edge:nt-approach:0:1000	836.9249	edge:nt-approach:0:1000:AtoB	True	True	71.91288
6694	100.409997755662	12.9423	nt-approach	1017.02	edge:nt-approach:1000:1020	16.91673	edge:nt-approach:1000:1020	17.11087	AtoB	True	True	True	True	True	43300.394997756	edge:nt-approach:1000:1020:AtoB,edge:nt-main:0:100:AtoB	True	edge:nt-approach:1000:1020,edge:nt-main:0:100,edge:nt-main:100:380	81	True	71.64317	False	False	True	True	True	21T-1RT:missing;21T-2RT:proceed=False,path=True,locked=True,cancel=False;1RT-22T:missing;2RT-22T:missing	nt-approach	837.0196	edge:nt-approach:0:1000	836.9249	edge:nt-approach:0:1000	837.119	edge:nt-approach:0:1000:AtoB	True	True	71.91288
6695	100.424997755326	12.94402	nt-approach	1017.214	edge:nt-approach:1000:1020	17.11087	edge:nt-approach:1000:1020	17.30503	AtoB	True	True	True	True	True	43300.4099977557	edge:nt-approach:1000:1020:AtoB,edge:nt-main:0:100:AtoB	True	edge:nt-approach:1000:1020,edge:nt-main:0:100,edge:nt-main:100:380	81	True	71.61857	False	False	True	True	True	21T-1RT:missing;21T-2RT:proceed=False,path=True,locked=True,cancel=False;1RT-22T:missing;2RT-22T:missing	nt-approach	837.2137	edge:nt-approach:0:1000	837.119	edge:nt-approach:0:1000	837.3132	edge:nt-approach:0:1000:AtoB	True	True	71.91288
6696	100.439997754991	12.94575	nt-approach	1017.408	edge:nt-approach:1000:1020	17.30503	edge:nt-approach:1000:1020	17.49922	AtoB	True	True	True	True	True	43300.4249977553	edge:nt-approach:1000:1020:AtoB,edge:nt-main:0:100:AtoB	True	edge:nt-approach:1000:1020,edge:nt-main:0:100,edge:nt-main:100:380	81	True	71.59397	False	False	True	True	True	21T-1RT:missing;21T-2RT:proceed=False,path=True,locked=True,cancel=False;1RT-22T:missing;2RT-22T:missing	nt-approach	837.4079	edge:nt-approach:0:1000	837.3132	edge:nt-approach:0:1000	837.5074	edge:nt-approach:0:1000:AtoB	True	True	71.91288
6697	100.454997754656	12.94748	nt-approach	1017.602	edge:nt-approach:1000:1020	17.49922	edge:nt-approach:1000:1020	17.69343	AtoB	True	True	True	True	True	43300.439997755	edge:nt-approach:1000:1020:AtoB,edge:nt-main:0:100:AtoB	True	edge:nt-approach:1000:1020,edge:nt-main:0:100,edge:nt-main:100:380	81	True	71.56935	False	False	True	True	True	21T-1RT:missing;21T-2RT:proceed=False,path=True,locked=True,cancel=False;1RT-22T:missing;2RT-22T:missing	nt-approach	837.6021	edge:nt-approach:0:1000	837.5074	edge:nt-approach:0:1000	837.7016	edge:nt-approach:0:1000:AtoB	True	True	71.91288
6698	100.469997754321	12.9492	nt-approach	1017.796	edge:nt-approach:1000:1020	17.69343	edge:nt-approach:1000:1020	17.88767	AtoB	True	True	True	True	True	43300.4549977547	edge:nt-approach:1000:1020:AtoB,edge:nt-main:0:100:AtoB	True	edge:nt-approach:1000:1020,edge:nt-main:0:100,edge:nt-main:100:380	81	True	71.54473	False	False	True	True	True	21T-1RT:missing;21T-2RT:proceed=False,path=True,locked=True,cancel=False;1RT-22T:missing;2RT-22T:missing	nt-approach	837.7963	edge:nt-approach:0:1000	837.7016	edge:nt-approach:0:1000	837.8958	edge:nt-approach:0:1000:AtoB	True	True	71.91288
6699	100.484997753985	12.95093	nt-approach	1017.991	edge:nt-approach:1000:1020	17.88767	edge:nt-approach:1000:1020	18.08193	AtoB	True	True	True	True	True	43300.4699977543	edge:nt-approach:1000:1020:AtoB,edge:nt-main:0:100:AtoB	True	edge:nt-approach:1000:1020,edge:nt-main:0:100,edge:nt-main:100:380	81	True	71.52009	False	False	True	True	True	21T-1RT:missing;21T-2RT:proceed=False,path=True,locked=True,cancel=False;1RT-22T:missing;2RT-22T:missing	nt-approach	837.9906	edge:nt-approach:0:1000	837.8958	edge:nt-approach:0:1000	838.0901	edge:nt-approach:0:1000:AtoB	True	True	71.91288
6700	100.49999775365	12.95265	nt-approach	1018.185	edge:nt-approach:1000:1020	18.08193	edge:nt-approach:1000:1020	18.27622	AtoB	True	True	True	True	True	43300.484997754	edge:nt-approach:1000:1020:AtoB,edge:nt-main:0:100:AtoB	True	edge:nt-approach:1000:1020,edge:nt-main:0:100,edge:nt-main:100:380	81	True	71.49545	False	False	True	True	True	21T-1RT:missing;21T-2RT:proceed=False,path=True,locked=True,cancel=False;1RT-22T:missing;2RT-22T:missing	nt-approach	838.1849	edge:nt-approach:0:1000	838.0901	edge:nt-approach:0:1000	838.2844	edge:nt-approach:0:1000:AtoB	True	True	71.52009
6701	100.514997753315	12.95438	nt-approach	1018.379	edge:nt-approach:1000:1020	18.27622	edge:nt-approach:1000:1020	18.47054	AtoB	True	True	True	True	True	43300.4999977536	edge:nt-approach:1000:1020:AtoB,edge:nt-main:0:100:AtoB	True	edge:nt-approach:1000:1020,edge:nt-main:0:100,edge:nt-main:100:380	81	True	71.47078	False	False	True	True	True	21T-1RT:missing;21T-2RT:proceed=False,path=True,locked=True,cancel=False;1RT-22T:missing;2RT-22T:missing	nt-approach	838.3792	edge:nt-approach:0:1000	838.2844	edge:nt-approach:0:1000	838.4787	edge:nt-approach:0:1000:AtoB	True	True	71.52009
6702	100.529997752979	12.95611	nt-approach	1018.573	edge:nt-approach:1000:1020	18.47054	edge:nt-approach:1000:1020	18.66488	AtoB	True	True	True	True	True	43300.5149977533	edge:nt-approach:1000:1020:AtoB,edge:nt-main:0:100:AtoB	True	edge:nt-approach:1000:1020,edge:nt-main:0:100,edge:nt-main:100:380	81	True	71.44611	False	False	True	True	True	21T-1RT:missing;21T-2RT:proceed=False,path=True,locked=True,cancel=False;1RT-22T:missing;2RT-22T:missing	nt-approach	838.5735	edge:nt-approach:0:1000	838.4787	edge:nt-approach:0:1000	838.673	edge:nt-approach:0:1000:AtoB	True	True	71.52009
6703	100.544997752644	12.95783	nt-approach	1018.768	edge:nt-approach:1000:1020	18.66488	edge:nt-approach:1000:1020	18.85925	AtoB	True	True	True	True	True	43300.529997753	edge:nt-approach:1000:1020:AtoB,edge:nt-main:0:100:AtoB	True	edge:nt-approach:1000:1020,edge:nt-main:0:100,edge:nt-main:100:380	81	True	71.42142	False	False	True	True	True	21T-1RT:missing;21T-2RT:proceed=False,path=True,locked=True,cancel=False;1RT-22T:missing;2RT-22T:missing	nt-approach	838.7678	edge:nt-approach:0:1000	838.673	edge:nt-approach:0:1000	838.8674	edge:nt-approach:0:1000:AtoB	True	True	71.52009
6704	100.559997752309	12.95956	nt-approach	1018.962	edge:nt-approach:1000:1020	18.85925	edge:nt-approach:1000:1020	19.05364	AtoB	True	True	True	True	True	43300.5449977526	edge:nt-approach:1000:1020:AtoB,edge:nt-main:0:100:AtoB	True	edge:nt-approach:1000:1020,edge:nt-main:0:100,edge:nt-main:100:380	81	True	71.39673	False	False	True	True	True	21T-1RT:missing;21T-2RT:proceed=False,path=True,locked=True,cancel=False;1RT-22T:missing;2RT-22T:missing	nt-approach	838.9622	edge:nt-approach:0:1000	838.8674	edge:nt-approach:0:1000	839.0618	edge:nt-approach:0:1000:AtoB	True	True	71.52009
6705	100.574997751974	12.96129	nt-approach	1019.157	edge:nt-approach:1000:1020	19.05364	edge:nt-approach:1000:1020	19.24806	AtoB	True	True	True	True	True	43300.5599977523	edge:nt-approach:1000:1020:AtoB,edge:nt-main:0:100:AtoB	True	edge:nt-approach:1000:1020,edge:nt-main:0:100,edge:nt-main:100:380	81	True	71.37202	False	False	True	True	True	21T-1RT:missing;21T-2RT:proceed=False,path=True,locked=True,cancel=False;1RT-22T:missing;2RT-22T:missing	nt-approach	839.1566	edge:nt-approach:0:1000	839.0618	edge:nt-approach:0:1000	839.2562	edge:nt-approach:0:1000:AtoB	True	True	71.52009
6706	100.589997751638	12.96301	nt-approach	1019.351	edge:nt-approach:1000:1020	19.24806	edge:nt-approach:1000:1020	19.4425	AtoB	True	True	True	True	True	43300.574997752	edge:nt-approach:1000:1020:AtoB,edge:nt-main:0:100:AtoB	True	edge:nt-approach:1000:1020,edge:nt-main:0:100,edge:nt-main:100:380	81	True	71.3473	False	False	True	True	True	21T-1RT:missing;21T-2RT:proceed=False,path=True,locked=True,cancel=False;1RT-22T:missing;2RT-22T:missing	nt-approach	839.3511	edge:nt-approach:0:1000	839.2562	edge:nt-approach:0:1000	839.4507	edge:nt-approach:0:1000:AtoB	True	True	71.52009
6707	100.604997751303	12.96474	nt-approach	1019.546	edge:nt-approach:1000:1020	19.4425	edge:nt-approach:1000:1020	19.63697	AtoB	True	True	True	True	True	43300.5899977516	edge:nt-approach:1000:1020:AtoB,edge:nt-main:0:100:AtoB	True	edge:nt-approach:1000:1020,edge:nt-main:0:100,edge:nt-main:100:380	81	True	71.32257	False	False	True	True	True	21T-1RT:missing;21T-2RT:proceed=False,path=True,locked=True,cancel=False;1RT-22T:missing;2RT-22T:missing	nt-approach	839.5455	edge:nt-approach:0:1000	839.4507	edge:nt-approach:0:1000	839.6451	edge:nt-approach:0:1000:AtoB	True	True	71.52009
6708	100.619997750968	12.96646	nt-approach	1019.74	edge:nt-approach:1000:1020	19.63697	edge:nt-approach:1000:1020	19.83147	AtoB	True	True	True	True	True	43300.6049977513	edge:nt-approach:1000:1020:AtoB,edge:nt-main:0:100:AtoB	True	edge:nt-approach:1000:1020,edge:nt-main:0:100,edge:nt-main:100:380	81	True	71.29782	False	False	True	True	True	21T-1RT:missing;21T-2RT:proceed=False,path=True,locked=True,cancel=False;1RT-22T:missing;2RT-22T:missing	nt-approach	839.74	edge:nt-approach:0:1000	839.6451	edge:nt-approach:0:1000	839.8397	edge:nt-approach:0:1000:AtoB	True	True	71.52009
6709	100.634997750632	12.96819	nt-approach	1019.935	edge:nt-approach:1000:1020	19.83147	edge:nt-main:0:100	0.02599334	AtoB	True	True	True	True	True	43300.619997751	edge:nt-approach:1000:1020:AtoB,edge:nt-main:0:100:AtoB	True	edge:nt-main:0:100,edge:nt-main:100:380	77	True	71.27306	False	False	True	True	True	21T-1RT:missing;21T-2RT:proceed=False,path=True,locked=True,cancel=False;1RT-22T:missing;2RT-22T:missing	nt-approach	839.9345	edge:nt-approach:0:1000	839.8397	edge:nt-approach:0:1000	840.0342	edge:nt-approach:0:1000:AtoB	True	True	71.52009
